Order,Run.Num,Run.Date,Run.Plant,Flower number,Site,Site.Type,Species,Plant,er.1 hexanol,er.2-amino phenyl ethenone,er.2-phenyl ethanol,"er.2,6-dimethyl-1,3,5,7 octatetraene (trans)",er.6-methyl-5-hepten-2-one,er.alloaromadendrene,er.alpha bergamotene,er.alpha humulene,er.alpha pinene,er.alpha terpineol,er.alpha tirpenene,er.alpha tirpenolene,er.benzyl acetate,er.benzyl alcohol,er.beta cadinene,er.beta farnesene,er.beta longipinene,er.beta myrcene,er.beta phellandrene,er.beta pinene,er.borneol,er.caryophyllene oxide,er.cinnamic alcohol,er.cis 3 hexen 1 ol,er.cis 3 hexen 1 ol,er.cis beta ocimene,er.cis jasmone,er.DMNT,er.gamma cadinene,er.gamma tirpenene,er.geraniol,er.germacrene D,er.intermedeol,er.limonene,er.linalool,er.methyl nicotinate,er.methyl salicylate,er.myroxide,er.naphthalene,er.para cymene,er.patchoulane,er.sabinene,er.sabinene hydrate,er.terpinen-4-ol,er.trans 2 hexen 1 ol,er.trans beta caryophyllene,er.trans beta ocimene,er.trans cinnamic aldehyde,er.trans DMNT,er.trans trans alpha farnesene,er.unknown C15H24,er.unknown sesqui,er.veratrole,er.verbenone,N.compounds,
1,55,17-Nov,6,6,GUL,One,Cyl,4,0,0,0,0,0,0,0.000504895,1.34E-05,0,0,0,0,0.00E+00,0.00E+00,0.001169806,0,0.000381389,0,0,0,0,0,0,0.000319331,0,0.000457248,0,0,0,0,0,0,0.003661638,0.000583176,0,0,0,0,0.000217484,0,0,0,0,0,0.009970828,0.000451904,0.01470919,0,0,0,0,0,0,0,12,
2,56,17-Nov,8,7,GUL,One,Cyl,5,0,0,0,0,0,0,0,0,0,0,0,0,0.00E+00,0,0.001321869,0,0.000322765,0,0,0,0,0,0,0.000359361,0,0.00E+00,0,0,0,0,0,0,0.005005269,0,0,0,0,0,0.000149444,0,0,0,0,0,0.008065924,0.000249012,0,0,0,0,0,0,0,0,7,
3,105,20-Nov,17,8,GUL,One,Cyl,3,0,0,0,0,0,0,0,0.000183998,0,0,0,0,0.00E+00,0,0.000940888,0,0.000379453,0,0,0,0,0,0,0,0,0,0,0,0,0,0,0,0.001063907,0,0,0,0,0,0.000267577,0,0,0,0,0,0,0.002133226,0,0,0,0,0,0,0,0,6,
4,124,30-Nov,14,11,GUL,One,Cyl,6,0.000513624,0,0,0,0.001155567,0,0,0,0,6.02E-05,0.001191621,0,0.00E+00,0.000533135,0.002012216,0,0,0,0.005075858,0,0,0,0,0.000124955,0,0.00E+00,0,0,0,0,0,0.00063057,0.008746925,0.001476355,0,0,0,0,0.000364718,0,0,0,0,0,0,0,0,1.86E-05,0,0,0,0,0,0,13,
5,134,1-Dec,2,10,GUL,One,Cyl,9,0,0,0,0,0,0,0,0,0,0,0,0,0.00E+00,0.00E+00,0.002240098,3.70E-05,0.000634728,0.00E+00,0.00E+00,0,0,0,0,0.000269653,0,0.000508681,0,0,0,0,6.26E-06,0,0.007245698,0.001138293,0,0,0,0.000221225,0.000634137,0,0,0,0,0,0,0.000109124,0.009168155,0,0,0,0,5.96E-05,0,0,13,
6,155,6-Dec,8,7,GUL,One,Cyl,1,0.000805495,0,0,0,0,0,0,0,0,0,0,0,0,0.001161383,0.002480913,0,0.000609191,0.00E+00,0,0,0,0,0,0.00052977,0,0,0,0,0,0,0,0,0.004873298,0,0,0,0,0,0.000635611,0,0,0,0,0,0.001145332,0.000252903,0,0,0,0,0,0,0,0,9,
7,157,6-Dec,10,10,GUL,One,Cyl,11,0.000525052,0,0,0,0,0,0,0,0,3.65E-06,0,0,0.00E+00,0.001099087,0.001659602,0,0.000300451,0,0.00E+00,0,0,0,0,0.001106675,0,0,6.20E-05,0,0,0,0,0,0.003419428,0,0,0,0,0,0.000492681,0,0,0,0,0,0.000892471,0,0,0,0,0,0,5.45E-05,0,0,11,
8,169,15-Dec,4,7,GUL,One,Cyl,12,0,0,0,0,0,0,0,0,0,0,0.000179115,0,0.00E+00,0.000900414,0.001904071,0,0,0.00E+00,0,0,0,0,0,0.000800669,0,0.000253197,0,0,0,0,0,0,0.003721408,0,0,0,0,0,0.000222391,0,0,0,0,0,0.001446983,0,0.003167239,0,0,0,0,0,0,0,9,
9,178,12-Jan,5,13,GUL,One,Cyl,20,0,0,0,5.99E-05,0,0.000118413,0,9.68E-05,0,0.000119835,0,0,0.000241193,0,0.001820446,0,0.00048836,0,0,0.00E+00,0,0,0,0,0,0.000264599,0,0,0,0,0,0,0.004651037,0,0,0,0,0.00058344,0.00067525,0,0,0.00E+00,0,0,0.000643145,0.001266785,0.005480367,0,0,0,0,0.000312526,8.09E-05,0,16,
10,252,20-Jan,7,7,GUL,One,Cyl,29,0,0,0,0,0.000503923,0.000126529,0,0,0,0,2.07E-05,0,0,0,0.002180249,0,0.000890965,1.77E-05,0,0,0,0,0,0.001869362,0,0,0,0,0,0,0,0,0.011485147,0.000151654,0,0,0,0,0.000847934,0,0,0.00E+00,0,0,0.000576167,0,0,0.000176932,0,0,0,7.84E-05,0,0,13,
11,261,20-Jan,16,7,GUL,One,Cyl,33,0,0,0,0,0.000855406,0.000159706,0.000582654,9.95E-05,0,0,0,0,0,0,0.004790934,0,0.001580246,0,0,0,0,3.94E-05,0,0.000487592,0,0.00E+00,0,0,8.37E-05,0,0,0,0.011433947,0.000434126,0,0,0,0,0.000840171,0,0,0,0,0,0.001791896,0.00208232,0,0.00020041,0,0,0,0.000210771,0,0,16,
12,268,22-Jan,6,7,GUL,One,Cyl,28,0,0,0,0,0,6.18E-05,0,0,0,0,0,0,0,0,0.002310198,0,0.000691444,0,0,0,0,0,0,0.001452642,0,0,0,0,0,0,0,0.000688583,0.012285745,0,0,0,0,0,0.000435614,0,0,0.00E+00,0,0,0,0.000324727,0.002737418,0.000280599,0,0,0,0.000192705,2.24E-05,0,12,
13,297,29-Jan,4,9,GUL,One,Cyl,34,0.000724708,6.36E-05,0,0,0,9.35E-05,0.000746324,0.000348793,0,0,0,0,0,0,0.004148356,0,0.000999771,0,0,0,0,0.00014512,0,0,0,0.001145276,0.000231541,0,0,0.00E+00,0,0,0.011834102,0,0.000143871,0,0,0,0.000776946,0,0,0,0,0,0,0.003672567,0.002863849,0,0,0.000371935,0,0.000240024,7.99E-05,0,18,
14,301,29-Jan,8,8,GUL,One,Cyl,35,0,0,0,3.05E-05,0,8.13E-05,0,5.40E-05,0,0,0,0,0,0,0.003199778,0,0.000853627,0,0,0,0,0,1.08E-05,0,0,0.000450077,0,0,5.40E-05,0.00E+00,0,0,0.007996526,0,0,0,0,0.000250303,0.000632144,0,0,0,0,0,0.001022444,0.001400817,0.00745653,0,0,0,0,5.84E-05,0,0,15,
15,302,29-Jan,9,9,GUL,One,Cyl,30,0,0,0,0,0,9.68E-05,6.03E-05,3.92E-06,0,0,0,0,0,0,0.00295858,0,0.000807058,0,0,0,0,0,0,0.000555876,0,0.000188528,0,0,0,0.00E+00,0,0,0.007577739,0,6.63E-05,0,0,0,0.000594356,0,0,0.00E+00,0,0,0,0.000661626,0.003248768,0,0,0.000157529,0,0.00017917,0,0,14,
16,3,13-Nov,3,9,MHG,One,Cyl,5,0,0,0,0,0,0,0,0,0,0,0,0,0,0,0.001088741,0,0,0,0,0,0,0,0,0,0,0,0,0,0,0,0,0.000368087,0.004495945,0,0,0,0,0,0.000217944,0,0,0,0,0,0,0.00E+00,0.005174665,2.72E-05,0,0,0,1.25E-05,0,0,7,
17,13,13-Nov,18,8,MHG,One,Cyl,2,0,0,0,0,0,0,0,0,0,0,0,0,4.18E-05,0,0.001033219,0,0,0,0,0,0,0,0,0.002285179,0,0,0,0,0,0,0,0.000371147,0.0062686,0,0,0,0,0,0.000323026,0,0,0,0,0,0,0,0,7.74E-05,0,0,0,0,0,0,7,
18,17,14-Nov,3,7,MHG,One,Cyl,1,0,0,0,0,0,0,0,0,0,0,0,0,1.94E-05,0.000524606,0.001104413,0,0,0,7.99E-05,0,0,0,0,0,0,0,0,0,0,5.37E-05,0,0.000284813,0.00449966,0,0,0,0,0,0.000262452,0,0,0,0,0,0,0,0,0,0,0,0,0,0,0,8,
19,19,14-Nov,5,7,MHG,One,Cyl,3,0.000888967,0,0,0,0,0,0.000805679,0,0,7.37E-05,0,0,4.15E-05,0.000765515,0.001142803,0,0,0,9.93E-05,0,0,0,0,0.004402026,0,0,0,0,0,3.49E-05,0,0.000539184,0.004309545,0,0,0,0,0,0.000373703,0,0,0,0,0,0.001222709,0,0.00292709,0,0,0,0,0,0.000127912,0,15,
20,43,15-Nov,15,7,MHG,One,Cyl,6,0,0,0,0,0,0,0,0,1.24E-05,0.000179191,0,0,0,0.000331376,0.000424089,0,9.74E-05,4.25E-05,0,0,0,0,0,0,0,0.000360083,0,0,0,0,0,0,0.002197474,0,0,0,0.00E+00,0,4.63E-05,0,0,0,0,0,0,0,0,0,0,0,0,0,0,0,9,
21,57,17-Nov,9,7,MHG,One,Cyl,4,0,0,0,0,0,0,0,0.00E+00,0,5.93E-05,0,0,0,0.00011322,0.001477395,0,2.19E-05,0.000185844,8.31E-06,0,0,0,0,0,0,0.000428239,0,0,0,0,0,0.000379726,0.004482478,0.000320581,0,0,0,0,0.000161273,0,0,0,0,0,0.009330773,0,0,0,0,0,0,0,0,0,12,
22,135,1-Dec,3,8,MHG,One,Cyl,12,0,0,0,0,0,0,0,0,1.16E-05,0,0,0,0,8.10E-05,0.000802387,0,0,8.43E-05,1.50E-05,1.20E-05,0,0,0,0,0,0,0,0,0,0,0,0.000283154,0.001046088,0,0,0,0,0,0.000136614,0,0,0,0,0,0,0,0,0,0,0,0,0,0,0,9,
23,141,1-Dec,11,8,MHG,One,Cyl,8,0.000625009,0,0,0,0.003676679,0,0,0,0,0,0,0,5.33E-05,0.000516439,0.003709191,7.20E-05,0.00055596,8.74E-05,9.67E-05,0,0,0,0,0,0,0.000239762,0.000123688,0,0,0,0,0.000264632,0.008253663,0.001469621,0,0,0,0,0.00082245,0,0,0,0,0,0,0,0,0,0,0,0,6.18E-05,3.17E-06,0,17,
24,153,6-Dec,6,7,MHG,One,Cyl,7,0.00032415,0,0,0,0,0,0.000216439,0,0,0,0,0,0,0.000349705,0.001545079,0,0,0.000202391,1.93E-05,0,0,0,0,0,0,0,0,0.00647781,0,0,0,0.000439787,0.0018163,0,0,0,0,0,0.000256208,0,0,0,0,0,0,0,0,0,0,0,0,0,3.90E-05,0,11,
25,154,6-Dec,7,10,MHG,One,Cyl,11,0.000576036,0,0,0,0,0,0,0,0,6.96E-05,0,0,7.89E-05,0.000637261,0.001065189,0,0,0.000218948,0,0,0,0,0,0,0,0,0,0,0,0,0.001161512,0.000389145,0.003765461,0,0,0,0,0,0.000272476,0,0,0,0,0,0,0,0,1.09E-05,0,0,0,0,0,0,11,
26,162,11-Dec,6,10,MHG,One,Cyl,9,0,0,0,0,0.001933913,0,0,0,0,0,1.02E-05,0,5.08E-05,0.000816344,0.002125648,1.91E-05,0.000383303,0,0,0,0,0,0,0,0,0.00E+00,0,0,0,6.25E-05,0,0.000145309,0.008789462,0,0,0,0,0,0.000485502,0,0,0,0,0,0,0,0,0,0,0,0,0,0,0,11,
27,201,13-Jan,8,6,MHG,One,Cyl,21,0.000745223,0,0,0,0.001563419,0,0.00E+00,0,0,0,0,0,7.99E-05,0,0.002016056,0,0,0,9.18E-05,0,0,0,0,0,0,0.00E+00,0,0,0,0,0,0.000342129,0.002693281,0.000131421,0,0,0,0,6.66E-05,0,0,0,0,0,0.001239057,0,0,0,0,0,0,0,0,0,10,
28,247,20-Jan,2,7,MHG,One,Cyl,25,0,0,0,0,0.00062928,0,0,0,0,0,9.58E-06,0,0,0,0.002572787,0,0.000655619,0.000175655,0,0,0.000127337,0,0,0,0,0.000716214,0,0,0.000130596,0,0,0.000474515,0.004259228,0.000316477,0,0,0,0.000867159,0.000329581,0,0,2.85E-05,0,0,0.000959542,0,0,0,0,0,0,0.000153453,0,0,16,
29,283,24-Jan,5,9,MHG,One,Cyl,29,0,0,0,0,0.001073279,0,0,0,0,2.17E-05,0,0,2.83E-05,0,0.001014084,0,0.000180494,0.00013362,0.000154227,0,0,0,0,0,0,0.000276172,0,0,0,0,0,0.000121489,0.003374626,0,0,0,0,0,0.000228081,0,0,0,0,0,0,0,0,6.51E-05,0,0,0,0,6.82E-05,0,13,
30,287,24-Jan,10,9,MHG,One,Cyl,30,0,0,0,0,0.002295569,0.000230117,0,0.00E+00,0,0,0,0,0,0,0.005764643,0,0.001655299,8.49E-05,6.35E-05,0,0,0,0,0.003300191,0,0.00E+00,0.000127783,0,0,4.82E-05,0,0.000634865,0.019259877,0,6.42E-05,0,0,0,0.001405534,0,0,0,0,0,0.000531196,0,0,0,0,0,0,0.00049673,0,0,15,13.53333333
31,31,14-Nov,19,9,SF,One,Cyl,5,0,0,0,0,0,0,0,8.00E-05,0,0,0,0,0.00E+00,0.000229528,0.00119202,0,0.000454393,0,9.88E-05,0,0,0,0,0.001050268,0,0.002550691,0,0,0,7.98E-05,5.28E-05,0,0.003549346,0,0,0,0,0,0.0003744,0,0,0,0,0,0,0.001703787,0.01478952,0,0,0,0,0,0.000130422,0,14,
32,102,20-Nov,14,7,SF,One,Cyl,2,0,0,0,0,0,0,0,0,0,0,0,0,0.00E+00,0.000443026,0.000577318,0,0,0,0,2.02E-05,0,0,0,0.001614626,0,0.000353265,0,0,0,0,0.001761895,0,0.002531793,0,0,0,0,0,0.00E+00,0,0,0,0,0,0.00197503,0.001101109,0.007735743,0,0,0,0,0,0,0,10,
33,112,30-Nov,2,12,SF,One,Cyl,8,0.000507627,0,0,0,0,6.52E-05,0.000504609,0,0,0.000210997,0.00102435,0,0.00E+00,0.000222404,0.002531955,0,0.000655824,0.000185759,0.00463083,0,0,0,0,0,0,0.000215493,0,0.001782786,0,0.000112947,0,0,0.00587741,0.00162099,8.24E-05,0,0.00E+00,0,0.000673034,0,0,0,0,0,0,0,0.002984004,0,0,0,0,1.71E-05,0,0,19,
34,146,1-Dec,17,7,SF,One,Cyl,7,0,0,0,0,0,0,0,4.78E-05,4.33E-05,0,0,0,0.00E+00,0.000889625,0.001193459,0,0,0.000130853,0,0,0,0,0,0,0,0,0,0,0,0,0,0,0.003917237,0.0019168,0,0,0.00E+00,0,0.000411662,0,0,0,0,0,0,0.001114791,0.003622603,0,0,0.00E+00,0,0,0,0,10,
35,149,6-Dec,2,6,SF,One,Cyl,13,0.000777451,0,0,0,0,0,7.31E-05,0,0,8.16E-06,0,0,0,0.000958493,0.003599494,0,0.001236372,0.00024465,0,2.86E-05,0,0,0,0,0,0,0,0.002155897,0,0,0,0,0.008297301,0,0,0,0,0,0.000830239,0,0,0,0,0,0.0014194,0.000124318,0.00559526,0,0,0,0,0.000112701,0,0,15,
36,150,6-Dec,3,8,SF,One,Cyl,12,0,0,0,0,0,0,0,5.08E-05,0,0,0,0,0,0.000396005,0.001605778,0,0.00030363,0.000145998,1.66E-05,0,0,0,0,0,0,0.000735178,0,0.000594698,0,0,2.53E-05,0,0.004790344,0,0,0,0,3.49E-05,0.000378909,0,0,0,0,0,0.001215176,0.001015954,0.010282526,0,0,0,0,0,0,0,15,
37,156,6-Dec,9,9,SF,One,Cyl,11,0.000378995,0,0,0,0,0,0,1.11E-05,0,0,0,0,0.00E+00,5.18E-05,0.001927734,0,0.0006129,0.000107257,0.000116496,0,3.41E-05,0,0,0,0,0.00086701,2.67E-05,0.000911484,0,0,1.30E-05,0,0.002545045,0,0,0,0,8.61E-05,0.000403638,0,0,0,0,0,0,0.000519607,0.011362296,0,0,0,0,3.13E-05,0,0,18,
38,170,15-Dec,5,6,SF,One,Cyl,10,0,0,0,0,0,0,0,4.22E-05,0,0,0.000220572,0,0,0.001743527,0.004864908,7.73E-05,0.001075142,0.000191459,0,0,0,0,0,0.001355707,0,0.000663388,0,0.002778158,0,0,2.81E-05,0,0.011116901,0,0,0,0,0,0.000730033,0,0,0,0,0,0.002240215,0.001375871,0.009627706,1.75E-05,0,0,0,5.01E-05,0,0,18,
39,183,12-Jan,10,11,SF,One,Cyl,27,0,0,0,0,0,5.79E-05,0,4.12E-06,0,3.09E-05,0,0,0,0,0.002210969,0,0.000674403,0.000101686,0,1.07E-05,0,0,0,0,0,0.000169098,0,0.0023281,0,0,0,0,0.003405951,0,0,0,0,0,0,0,0,1.85E-05,0,0,0,0.00023524,0.003403312,0,0,0.00E+00,0,0.000144809,0,0,14,
40,187,12-Jan,15,8,SF,One,Cyl,21,0,0,0,0,0,0.000170863,0,5.51E-05,0,0,0,0,0,0,0.00308524,0,0.001173608,0.000264701,0,0,0,0,0,0,0,0.000352712,0,0.000958882,0,0,0,0,0.008388802,0,0,0,0.006264907,0,0.00E+00,0,0,0,0,0,0.003607774,0.001157891,0.00630466,0.000288386,0,0,0,0.000330279,9.58E-05,0,15,
41,188,12-Jan,16,7,SF,One,Cyl,29,0,0,0,0,0,0.000107354,0,0,0,3.92E-05,0,0,0,0,0.001890054,0,0.000764719,0,0,0,0,0,0,0,0,0.000405976,0.000208927,0,0,0,6.41E-05,0,0.007718348,0,0,0,0,0,0.000720229,0,0,0,0,0,0.002252994,0.000367719,0.006851297,7.22E-05,0,0.00E+00,0,0,4.00E-05,0,14,
42,195,13-Jan,2,6,SF,One,Cyl,23,0.0005388,0,0,0,0.000471817,0,0,0,0,0,0,0,0.00E+00,0,0.002025344,0,0.000507269,0,3.38E-05,0,0,0,0,0,0,0.00E+00,0,0,0,0,0,0,0.003898057,6.55E-05,0,0,0,0,0,0,0,0,0,0,0.001357378,0,0,0,0,0,0,0,0,0,8,
43,196,13-Jan,3,7,SF,One,Cyl,28,0.000160093,0,0,0,0.000496104,2.92E-05,0.000113163,0,0,0,0,0,0.00E+00,0,0.002085671,0,0.000338782,1.70E-05,2.21E-05,0,0,0,0,0,0,0,0,0,0,0,0,0,0.007525398,0.000160172,0,0,0.00E+00,0,0.000418787,0,0,0,0,0,0,0,0.002115941,0,0,0,0,8.27E-05,0,0,13,
44,207,13-Jan,14,6,SF,One,Cyl,25,0.000595875,0,0,0,0.001748602,0,0,0,0,0,0,0,0.000212087,0,0.002137625,0,0.000242311,3.41E-05,0.000120339,0,0,0,0,0,0,0.000549892,0,0.002555191,0,0,0,0,0.004437831,0.000163409,0,0,0,0,0,0,0,0,0,0,0.00125085,0,0.01203044,0,0,0,0,5.40E-06,0.000250185,0,15,
45,285,24-Jan,8,7,SF,One,Cyl,43,0,0,0,0,0.001517944,0.000175569,0,1.37E-05,0,0,0,0,0.00E+00,0,0.004222835,0,0.001111871,0,4.61E-05,0,0,0,0,0.003171157,0,0.000270391,0,0.000441643,0,0,0,0,0.012217038,0,0,0,0,0.000371769,0.000973466,0,0,0,0,0,0,0.000812925,0.004735829,3.52E-05,0,0,0,0.000443003,0,0,16,
46,18,14-Nov,4,6,DVT,Two,Cyl,3,0,0,0,0,0,0,0,0.000118748,0,0,0,0,0,0.000813758,0.000687649,0,3.71E-05,0,9.62E-05,0,0,0,0,0,0,0.000481742,0,0,0,0,0,0,0.003566871,0,0,0,0.001368032,0.000507003,4.49E-05,0,0,0,0,0,0,0,0.013380859,6.17E-05,0,0,0,0,0.00037707,0,13,
47,68,17-Nov,21,6,DVT,Two,Cyl,2,0,0,0,0,0.003108379,0,0.000109938,0,0,0,0,0,0,0.000497454,0.000408246,0,0,0,0,0,0,0,0,0,0,0,0,0,0,0,0,0.000121862,0.001058649,0.000328168,0,0,0.00E+00,0,4.74E-05,0,0,0,0,0,0.003562084,0.00E+00,0,0,0,0,0,0,4.86E-05,0,10,
48,76,18-Nov,7,7,DVT,Two,Cyl,9,0,0,0,0,0,0,0,6.65E-05,0,0,0,0,0,0.000526547,0.000597352,0,9.84E-05,0.000886663,0,0,0,3.34E-05,0,0,0,0.000119677,0,0.001662368,0,0,0.000186334,0.000144257,0.000775464,0,0,0,0.000430135,0,0.000274296,0,0,0,0,0,0,0,0.002358349,0,0,0,0,0,0.000215387,0,15,
49,119,30-Nov,9,13,DVT,Two,Cyl,10,0.00037706,0,0,0,0.001049137,0,0.000170301,0,0,1.86E-05,0.001015909,0,0,0.00262768,0.000357707,0,0.000166012,0.000306254,0.0043105,0,0,0,0,0.001860627,0,0.00E+00,0,0.001776111,0,8.27E-05,0,0,0.00101463,0.001642533,0,0,0.000778764,0,0,0,0,6.64E-05,0,0,0.00078324,0,0,9.88E-05,0,4.74E-05,0,0,0.000693846,0,21,
50,144,1-Dec,14,6,DVT,Two,Cyl,11,0,0,0,0,0,0,0.000216146,0,2.89E-05,0,0,0,0,0.001468908,4.31E-05,0,0,0.000202546,0.000110599,0,0,0,0,0.006812021,0,0,0,0,0,0,0,0,0.000355421,0.001855031,0,0,0,0,0,0,0.000204339,1.38E-05,0,0,0,0,0,0,0,0,0,0,0.000173419,0,12,
51,145,1-Dec,15,12,DVT,Two,Cyl,8,0,0,0,0,0,0,0,0.000106194,0,0,0,0,0,0.001950614,0.000509211,0,0,2.87E-05,3.76E-05,0,0,0,0,0,0,0,0,0,0,0,0,0.000133229,0.00091375,0.000680881,0,0,0.000180569,0,9.71E-05,0,0,0,0,0,0,0,0,0,0,0,0,0,0.000212431,0,11,
52,163,11-Dec,7,8,DVT,Two,Cyl,7,0,0,0,0,0,0,0,0.002416815,0,4.97E-05,2.38E-05,0,2.20E-05,0.005453709,9.37E-05,0,0,0,0,9.28E-06,0,0.000602344,0,0,0,0.000171148,0,0,0,5.24E-05,0.002753577,0,0.000640884,0,2.16E-05,0,0.000328311,0,4.17E-05,0,0,0,0,0,0.000973311,0.021318805,0.001707405,8.27E-06,0,6.11E-05,0,0,0.000441696,0,21,
53,184,12-Jan,11,11,DVT,Two,Cyl,30,0,0,0,7.97E-05,0,8.55E-05,0.000631649,0.000183814,0,0,0,0,0,0,0.001847781,0,0.000527026,0.000313611,0,0,0,1.45E-06,0,0,0,0.000515892,4.95E-06,0.003318047,0,0,0.001297976,0.000170218,0.00424923,0,0,0,0,0,0.000486,0,0,4.92E-06,0,0,0.000764378,0.002074851,0.013710429,0,0,1.32E-05,0,0.000277602,0.000621874,0,22,
54,189,12-Jan,17,8,DVT,Two,Cyl,22,0,0,1.17E-05,0,0,0,0.000370109,0.000963192,0,0.000194573,0,0,0.000280645,0.006013875,0.000813078,0,0,0.000281517,0,0,0,0.000102613,0,0,0,0.000212922,0,0.002346186,0,0,0.00783407,0.000919861,0.00189712,0,0,0,0,0,7.43E-05,0,0,0,0,0,0.003216865,0.007354916,0,0.000705568,0,0.000262439,0,0,0.000436663,0,20,
55,197,13-Jan,4,6,DVT,Two,Cyl,31,0.000517781,0,0,0,0.003157392,0,0,0,0,0,0,0,1.38E-05,0.00183866,0.00066495,0,0,0.000568803,3.02E-05,0,0,0,0,0,0,0,0,0.000854694,0,0,0,0.000252617,0.002467486,0.000209476,0,0,0,0,0.000104879,0,0,0,0,0,0.001263941,0,0.001922012,0,0,0,0,0,0.000281262,0,15,
56,224,14-Jan,14,6,DVT,Two,Cyl,29,0.000321992,0,0,0,0.000678754,0,0.00023382,3.92E-06,0,0.000223215,0,0,7.00E-06,0.002164154,0,0,3.10E-05,0.000271372,0,0,0,0,0,0,0,0.000347988,0,0.003301072,0,0.000120811,0.00E+00,0,0,0.001269811,0,0,0,0,0,0,0,0.000133895,0,0,0.001088941,0,0.00503214,8.82E-06,0,3.00E-05,0,9.20E-06,0.000391294,0,20,
57,271,22-Jan,10,6,DVT,Two,Cyl,34,0,0,0,0,0,0,0,0.000199944,0,0,0,0,0,0,0.00070995,0,0,0,0,0,0,0.000141752,1.81E-05,0,0,0,0,0,0,0,0,0.00019751,0,0,0,0,0,0,0,0,0,0,0,0,0,0,0.007816523,0,0,0,0,0,0.000217563,0,7,
58,288,24-Jan,11,8,DVT,Two,Cyl,36,0,0,0,0,0,1.43E-05,0,0,0,0,0,0,0,0.001428922,0.001831019,0,0.000314486,0.00011404,3.97E-05,0,0,0,0,0,0,0.00E+00,0,0,0,0,0,0.000137468,0.004444376,0,0,0,0,0,0.000465719,0,0,0,0,0,0,0,0,5.43E-05,0,0,0,3.81E-05,0.000238327,0,12,
59,289,24-Jan,12,7,DVT,Two,Cyl,33,0,0,0,0,0.002794548,0,0,0,0,0,0,0,8.62E-06,0.003833807,0.001741326,0,0,1.88E-05,3.15E-05,0,0,0,0.000106042,0.005343978,0,0,0,0,0,0,0,0.000264145,0,0,0,0,0,0,0.000153476,0,0,0,0,0,0,0,0.00E+00,0.000215897,0,0,0,0,0.000235509,0,12,
60,292,24-Jan,15,8,DVT,Two,Cyl,32,0,0,0,0,0.001648892,0,0.00015319,0.000110426,0,0,0,0,1.33E-05,0,0.000998728,0,0,0.000107475,2.08E-05,0,0,0.0001054,0,0,0,0.000506777,0,0,0,0,0,0.000334138,0,0,0,0,0.00E+00,0,9.90E-05,0,0,0,0,0,0,0,0.006250276,0,0,1.93E-05,0,0,0.000230036,0,14,11.6
61,12,13-Nov,16,9,NP,Two,Cyl,1,0,0,0,0,0,0,0,0,0.00E+00,0,0,0,0,0,0.001336943,0,0,0,0,1.56E-06,0,0,0,0,0,0.000639442,0,0,0,0.00E+00,0,0.000417581,0.005664593,0,0,0,0,0,0.000270545,0,0,0,0,0,0,0,0.008500808,0,0,0,0,0,0.000266751,0,8,
62,21,14-Nov,8,8,NP,Two,Cyl,3,0.000365805,0,0,0,0,0,0,8.01E-05,0,0.00E+00,0,0,0,0.000651909,0.000119289,0,0,0,0,0,0,0,0,0,0,0.000268096,0,0,0,0,0.000841983,0,0.000399953,0,0,0,0.00E+00,0,0,0,0,0,0,0,0,0.000356501,0.005987698,0,0,0,0,0,6.18E-05,0,10,
63,126,30-Nov,16,10,NP,Two,Cyl,8,0.000442954,0,0,0,0,2.91E-05,0,0.000445268,0,0.00E+00,0.000819857,0,0.00E+00,0.000868175,0.001306807,0,0.000221745,0,0.002981534,4.51E-06,0,0,0,0,0,0.00E+00,0,0,0,5.92E-05,0,0.000113513,0.004221086,0,0,0,0.00E+00,0,0.000304943,0,0,0,0,0,0.000534311,0.004067571,0,0,0,0,0,0,0.000464841,0,16,
64,137,1-Dec,6,11,NP,Two,Cyl,12,0,0,0,0,0,0,0,0,0,0.00E+00,0,0,0.00E+00,0.001032618,0.001802302,3.44E-05,0.000454301,0,3.93E-05,0,0,0,0,0,0,0.000261344,0,0,0,0,0.000786024,0.00013913,0.00605246,0,0,0,0,0,0.000468347,0,0,0,0,0,0.000596561,0,0.005376577,2.74E-05,0,0,0,0.000144341,9.76E-05,0,15,
65,139,1-Dec,8,8,NP,Two,Cyl,10,0.000629241,0,0,0,0,0,0,0,0.00E+00,0,0,0,0,0.002210732,0.000925679,0,0,0,5.33E-05,0,0,0,0,0,0,0,0,0,0,0,2.52E-05,0.000542085,0,0,0,0,0,0,0.000292515,0,0,0,0,0,0.001170264,0,0,0,0,0,0,0,0.000147989,0,9,
66,151,6-Dec,4,9,NP,Two,Cyl,7,0.000804082,0,0,0,0,0,0,0.000132157,0,0.00E+00,0,0,0.00E+00,0.000869634,0.005420502,0.00018823,0.000995494,0.000534837,0,1.37E-05,0,0,0,0,0,0.001095973,0,0,0,0,7.25E-05,0.000588209,0.009619205,0,0,0,0,0,0.00135617,0,0,0,0,0,0.001050804,0.001119892,0.017972361,6.70E-06,0,0.00E+00,0,0.000348999,0.000260705,0,19,
67,185,12-Jan,12,10,NP,Two,Cyl,20,0,0,0,0,0,5.69E-05,0.0003452,0.000611321,0,0.00E+00,0,0,0,0,0.001881528,0,0.000387376,0,0,2.88E-05,0,3.09E-06,0,0,0,0.000232378,0,0,0,0,0,0.000221596,0.002459673,0,0,0,0,0,0.000356941,0,0,4.59E-06,0,0,0.000514438,0.005396223,0.004958119,0,0,0.00E+00,0,6.43E-05,0,0,16,
68,206,13-Jan,13,6,NP,Two,Cyl,35,0.000751922,0,0,0,0.002204797,0,0,0,0,0.00E+00,0,0,0.00E+00,0.002123873,0.001868463,0,0.000434609,0,6.63E-05,0,0,0,5.06E-05,0,0,0.00E+00,0,0,0,0,5.99E-05,0.000361541,0.006923554,0,0.000120022,0,0,0,0.000440392,0,0,0,0,0,0.001267456,0.001483387,0,0,0,0,0,0.000109717,0.00014068,0,16,
69,236,15-Jan,8,8,NP,Two,Cyl,30,0,0,0,5.55E-05,0,0,0,0.000390398,0,0,0,0,0,0,0.002111386,0,0.000181161,0,0,0,0,0.000280798,8.27E-05,0,0,0.000906766,0,0,0,0,0.000336805,0.000256259,0.002603733,0,0.000276286,0,0,0.000497417,8.72E-05,0,0,0,0,0,0,0.004243142,0.014222122,0.000116547,4.89E-05,0,0,5.46E-06,0.00037538,0,19,
70,240,15-Jan,12,6,NP,Two,Cyl,34,0,0,0,0,0,0,0,4.69E-05,0,0,0,0,0,0,0.001915561,0,0,0,0,0,0,0,0,0,0,0.000360199,0,0,0,0,1.61E-05,0.000199957,0.002563977,0,0,0,0,0,0.000198951,0,0,0,0,0,0.001448289,0.001313685,0,0,0,0,0,0,0.000373351,0,10,
71,251,20-Jan,6,9,NP,Two,Cyl,21,0,0,0,0,0.00110578,0.000107674,0.000264051,0.000110494,0,0,3.44E-05,0,0,0,0.00358464,0,0.000815252,0,0,0,0,0.000682179,0,0,0,0.000229813,0,0,0,0,1.48E-05,0.000102714,0.009175519,0,0,0,0.001391102,0.000394353,0.001166339,0,0,1.56E-05,0,0,0,0.002814914,0.003928362,0.000429985,0,0,0,0.000396266,0.000949335,0,21,
72,260,20-Jan,15,8,NP,Two,Cyl,31,0,0,0,0.000179784,0.00088166,0.000123556,0,0.000244687,0,0,0,0,0,0,0.003862392,0,0.000377004,0.001109226,0,0,0,0.000108854,0,0,0,0.001031203,0,0,0,0,0.001449317,0.0002841,0.00845696,0,0,0,0.000900496,0,0.000597806,0,0,3.77E-06,0,0,0.001038502,0.002816195,0.019520744,0.000101042,0,0,0,0.000621163,0.000741436,0,21,
73,267,22-Jan,5,7,NP,Two,Cyl,33,0,0,0,0,0,0.000240532,0,0.000925296,0,0,0,0,0,0,0.005637423,0,0.000817127,0,0,0,0,0.000821983,0,0,0,0.001576096,0,0,0,0,0,0.00065411,0.016354013,0,0,0,0,0.002166825,0.001655332,0,0,0,0,0,0,0.008211424,0.026754773,0.000524018,0,0,0,0.000556522,0.000577863,0,15,
74,279,22-Jan,18,9,NP,Two,Cyl,32,0,0,0,3.53E-05,0,0.000237829,0.000318833,0.00020909,0,0,0,0,0,0,0.005647401,0,0.001102807,0,0,0,0,0,0,0,0,0,0,0,0,0,0,0.00098099,0.015581048,0,0,0,0,0,0.001428262,0,0,4.00E-05,0,0,0,0.002618754,0,0.000942745,0,0,0,0.000511945,0.000240223,0,14,
75,310,5-Feb,5,7,NP,Two,Cyl,38,0.000694177,0,0,0,0.00084087,0,0,9.15E-05,0.00E+00,0.00E+00,0,0,0,0.001542793,0.003458361,0.000127545,0.000593578,0,5.36E-05,0,0,9.19E-05,0,0,0,0,0,0,0,0.00E+00,0.000170527,0.000313627,0.009273728,0,0,0,0,0.000496778,0.000768075,0,0,0,0,0,0,0.002711547,0.005659303,3.31E-05,0,0,0,0.000122519,0.000128229,0,19,16.46666667
76,130,30-Nov,20,8,SC,Two,Cyl,4,0,0,0,0,0.002094888,0,0.001840617,0.000570954,0,0,0.001445143,0,0.00E+00,0,0.001837835,0,9.91E-05,0,0.006398578,1.41E-05,0,0.00012811,0,0,0,0,2.06E-05,0,0,0,5.29E-05,0,0.005205453,0.002329345,0,0,0,0,0.000632283,0,0,0,0,0,0,0.005093836,0,9.91E-05,0,0.000168559,0,0,0.000296082,0,18,
77,131,30-Nov,21,12,SC,Two,Cyl,12,0,0,0,0.000433154,0.000987393,4.27E-05,0.000730996,0.000607783,0,0.00E+00,0.000948478,0,0.00E+00,0.002029773,0.00268268,0,0.000406204,0,0.003857327,0,0,3.85E-05,0.000677237,0,0,0.001693406,6.61E-05,0,0,0,0.001106253,0,0.006685738,0.001365523,0,0,0,0,0.000724042,0,0,6.08E-05,0.000187794,0,0,0.002628748,0.038816011,0.000175085,0,0.000181978,0,0,0.0001277,0,25,
78,136,1-Dec,4,8,SC,Two,Cyl,8,0,0,0,0,0,0,0,0.00E+00,0,0,0,0,0.00E+00,0,0.001469179,0,0,0,0.000107278,0,0,0,0,0,0,0,0,0,0,0,0.000172642,0,0.002755519,0.001551086,0,0,0,0,0.000209472,0,0,0,0,0,0,0,0.013469004,0,0,1.41E-05,0,0,0.000600708,0,9,
79,152,6-Dec,5,8,SC,Two,Cyl,9,0,0,0,0,0,0,0.000195236,0,0,0.00E+00,0,0,0.00025457,0.002129813,0.002996329,0,0.000278351,0,5.68E-05,0,0,8.73E-05,5.82E-05,0,0,0,0,0,0,0,0,0,0.008424476,0.00089238,0,0,0,0,0.000749675,0,0,0,0,0,0,0.003437193,0,7.36E-05,0,0,0,4.76E-05,0.000213385,0,15,
80,159,11-Dec,3,10,SC,Two,Cyl,10,0,0,0,0,0,0,0,0,0,0.00E+00,6.66E-05,0,0.00E+00,0.004221457,0.001375579,0,0,0,0,0,0,0,0,0,0,0,3.37E-05,0,0,0.00E+00,0.001058669,0.000472251,0.002096276,0,0,0,0,0,0.000243809,0,0,0,0,0,0.000604388,0,0,1.91E-05,0,0,0,0,0.000265328,0,11,
81,165,11-Dec,9,8,SC,Two,Cyl,7,0,0,0,0,0,0,0,0,0,0,0,0,0.00E+00,0.002233768,0.001327268,0,0.000463273,0,0,0,0,0,0,0,0,0,9.74E-05,0,0,0.00E+00,0,0.00E+00,0.001879255,0,0.000235178,0,0,0,0.000284327,0,0,0,0,0,0.000931092,0.00E+00,0,3.70E-05,0,0,0,5.80E-06,0.000269492,0,11,
82,186,12-Jan,14,10,SC,Two,Cyl,26,0,0,0,0,0,9.46E-05,0,0,0,0.00E+00,0,0,0,0,0.001866185,0,0.0002218,0.001954986,0,7.15E-06,0,0,0,0,0,0,0,0,0,0,5.84E-05,0,0.003942209,0,0,0,0,0,0.000582735,0,0,3.14E-05,0,0,0.000959213,0,0,4.21E-05,0,2.30E-05,0,0.000147045,3.44E-05,0,14,
83,210,13-Jan,17,7,SC,Two,Cyl,19,0,0,0,0,0.00142175,4.67E-05,0.000219527,0,0.00E+00,0.00E+00,0,0,0.000168372,0.001926189,0.002065313,0,0.000573747,0,6.78E-05,0,0,0,0,0,0,0,0,0,0,0,1.42E-05,0,0.002933707,0.000518562,0.00012753,0,0,0,0.000416724,0,0,0,0,0,0.001642102,0,0,2.72E-05,0,0,0,6.33E-06,3.67E-05,0,17,
84,222,14-Jan,12,8,SC,Two,Cyl,29,0,0,6.00E-06,0,0.000385558,0,0,0.00E+00,0,0.00E+00,0,0,0.000143061,0,0.000751103,0,0.000212578,0,0,4.45E-06,0,0,0,0,0,0,2.84E-05,0,0,0.00E+00,0.000384713,0,0.001215604,0,0,0,0,0,0.000217825,0,0,0.000334718,0,0,0.000853091,0,0,0.000152003,0,1.08E-05,0,0.000124242,0.000200881,0,16,
85,227,14-Jan,17,7,SC,Two,Cyl,20,0,0,0,1.26E-05,0.000926474,0,2.37E-05,0.000391871,0,0.00E+00,0,0,0.00E+00,0,0.001413308,0,0.000234084,0,0,0,2.80E-05,0.001130103,0,0,0,0.001092618,0,0,0,0,0.000294177,0,0.003048161,0.000489729,0,0,0,0,0.000170513,0,0,1.83E-05,0,0,0.001750022,0.006557931,0.014290432,0.000118931,0,0.000134151,0,9.44E-05,0.000209334,0,21,
86,232,15-Jan,4,7,SC,Two,Cyl,23,0,0,0,0,0,0,0,0.000543578,0,0,0,0,0,0.004782862,0.002484816,0,6.29E-05,0,0,0,0,0,0,0,0,0,0,0,0,0,0,0,0.003263984,0,0,0,0,0,0.000262306,0,0,0,0,0,0,0.005903027,0,0.000375319,0,0,0,6.00E-05,0.000616232,0,10,
87,256,20-Jan,11,9,SC,Two,Cyl,33,0,0,0,3.03E-05,0.000894047,0.000138458,0.00074987,0.001435089,0,0,0,0,0,0,0.00550794,0,0.000955036,0,0,0,0,0.000316577,0.000237957,0,0,0,0,0,2.03E-05,0.00E+00,4.80E-05,0.001091517,0.019562628,0.001576906,0,0,0,0,0.001342396,0,3.30E-05,3.87E-05,0,0,0,0.011449746,0.00865708,0.000213326,0,0.00013446,0,0,0.000163093,0,22,
88,263,20-Jan,18,9,SC,Two,Cyl,31,0,0,0,0,0.002204326,0.000117456,0,0.001008268,0,0.000533239,0,0,0,0,0.003913089,0,0.000578971,0,0,0,0,0.000256704,0.000230294,0,0,0,0,0,0,0,0,0,0.022181162,0.000702099,0,0,0,0.000915308,0.001103651,0,0,0,0,0,0,0.005514394,0.015755796,0.000128319,0,0,0,0.000573034,0.000251939,0,17,
89,291,24-Jan,14,7,SC,Two,Cyl,32,0,0,0,0,0.003742039,0.000159369,0.000549227,0,0,0,0,0,0,0.001646245,0.005305587,0,0.001849335,0,4.04E-05,0,0,0.000573916,5.19E-05,0,0,0,0,0,0,0.00E+00,0.000803334,0,0.018374243,0,0,0,0,0.000130695,0.001201047,0,0,0,0,0,0.00092605,0,0.016879614,0.000110308,0,0.000257991,0,0.000479193,0.00060492,0,19,
90,293,24-Jan,16,8,SC,Two,Cyl,30,0,0,0,0,0.003978178,0,0.000283473,0.00E+00,0,0.00047036,0,0,0.00E+00,0,0.001771721,0,0.000455721,0,0.000191654,0,0,0,0,0,0,0,2.59E-05,0,0,0.00E+00,0,0.000676219,0.003403434,0.001279297,0,0,0,0,0.000310776,0,0,0,0,0,0.000918238,0,0,2.06E-05,0,0,0,0,0.000160684,0,14,
91,7,13-Nov,10,8,DEL4,Four,Cyl,5,0,0,0,0,0,0,0,0,0,0,0,0,0,0,0.000160074,0,0,0,0,0,0,0,0,0,0,0.000167092,0,0,0,6.16E-05,0,0.00E+00,0.001029789,0,0,0,0,0,0,0,0,0,0,0,0,0.00E+00,0.003786698,0,0,0,0.000216096,0,5.51E-05,0,7,
92,9,13-Nov,12,8,DEL4,Four,Cyl,1,0,0,0,0,0,0,0,0,0.00E+00,0,0,0,0,0,0.000850296,0,0,0,0,0,0,0,0,0,0,0.000236085,0,0,0,0,0,0,0.002239541,0,0.000162526,0,0,0,0.00E+00,0,0,0,0,0,0,0,0,4.47E-05,0,0.000298464,0,0,9.49E-05,0,7,
93,23,14-Nov,10,9,DEL4,Four,Cyl,2,0,0,0,0,0,0,0.000246235,0.00E+00,0,0,0,0,0,0.00040172,0.000420459,0,0.00E+00,0,9.13E-05,0,0,0,0,0,0,0.00E+00,0,0,0,0,2.49E-05,0,0.001257098,0,0,0,0.00E+00,0,0.00E+00,0,0,0,0,0,0,0,0,0,0,0,0,0,0,0,6,
94,34,15-Nov,3,12,DEL4,Four,Cyl,9,0.00028218,0,0,0,0,0,0,0,0.00E+00,5.29E-05,0,0,0.00E+00,0.000434642,0.000654612,0,0,0,0,0,0,0,0,0,0,0.00E+00,0,0,0,4.59E-05,0,0,0.002021178,0,0,0,0,0,0,0,0.000374167,0,0,0,0.000861039,0,0,0,0,0,0,0,6.38E-05,0,9,
95,110,20-Nov,22,7,DEL4,Four,Cyl,3,0,0,0,0,0,0,0,0,0,9.42E-05,0,0,0.000120094,0,0.000240824,0,0,0,0,2.25E-05,0,0,0,0,0,0,0,0,0,0,0,0,0.000966734,0,0,4.65E-05,0.00E+00,0,0,0,0,0,0,0,0.001469597,0,0,0,0,0,0,0,0,0,7,
96,116,30-Nov,6,10,DEL4,Four,Cyl,10,0.000581385,0,0,0,0.001148127,5.86E-05,0,0,0,5.28E-05,0.001032007,0,0.00E+00,0.000634692,0.003215088,0,0.000383599,0.000317679,0.004379284,8.83E-06,0,0,0,0,0,0.00E+00,0,0,0,0.000115828,0,0,0.012328824,0.001712943,0,0,0.00E+00,0,0.000894303,0,0,0,0,0,0,0,0,0,0,0,0,0.000113857,6.78E-05,0,17,
97,120,30-Nov,10,13,DEL4,Four,Cyl,12,0.000432603,0,0,0,0.0009751,0,0.000303544,0,0,0.000212677,0.000701182,0,5.74E-05,0.000488443,0.001214267,0,0,0.000419738,0.003132689,2.27E-06,4.56E-05,2.07E-05,0,0,0,0.00046352,0,0,0,0.000118855,0,0,0.003724419,0.001579014,0.000293571,0,0,0.000478694,0,0,0,0,0,0,0.000668166,0,0.011039406,1.71E-05,0,0.00E+00,0,0,0.000407415,0,23,
98,147,1-Dec,18,6,DEL4,Four,Cyl,7,0,0,0,0,0,0,0,0.002116992,0,0,0,0,5.88E-05,0.001364067,0.005325359,0,0.000970516,0,0,0,0,5.35E-05,0,0,0,0.000365076,9.01E-05,0,0,0,0,0,0.008884786,0.002654528,0,0,0,0,0.001175857,0,0,0,0,0,0,0.017977176,0.008275464,0,0,0,0,0,0.000142938,0,14,
99,180,12-Jan,7,8,DEL4,Four,Cyl,25,0,0,0,0,0,6.79E-05,0,0,0,0.000219942,0,3.60E-05,0,0,0.002321423,0,0,0,0,1.37E-05,0,0,0.000209456,0,0,0.000470735,0,0,0,0,0.000112631,0,0.008333305,0,0,0,0,0.001496458,0.000753798,0,0,4.93E-05,0,0,0.00254457,0,0.009160769,0.000388974,0,0.00E+00,0,0.000228966,0.000115898,0,17,
100,192,12-Jan,20,9,DEL4,Four,Cyl,21,0,0,7.89E-06,0,0,2.78E-05,0.001881363,0,0,0.000147666,0,0,0,0,0.001672189,0,0,0,0,0,0,0,0,0,0,0.000438206,0,0,0,0,0.000390401,0,0.001799473,0,0,0,0,0,0.000825658,0,0,3.04E-05,0,0,0.001340881,0,0.008646919,0.000117305,0,0.00E+00,0,0.000179504,1.15E-05,0,15,15.86666667
101,193,12-Jan,22,9,DEL4,Four,Cyl,27,0,0,0,0,0,0.000118571,0,0,0,2.86E-05,0,0,0.000485687,0,0.0021124,0,0,0,0,0,0,2.59E-05,9.53E-05,0,0,0,0,0,0,0,0,0,0.006873322,0,0,0,0,0,0.001038362,0,0,9.76E-06,0,0,0,0,0,0.000255961,0,0,0,0.000349488,0.000304856,0,12,
102,237,15-Jan,9,8,DEL4,Four,Cyl,32,0,0,0,0,0,0,0.000551151,0.00E+00,0,0,0,0,0,0,0.002639644,0,0,0,0,1.79E-05,0,0,0,0,0,0,0,0,0,0,5.63E-05,0,0.007708777,0,0,0,0,0,0.000501795,0,0,0,0,0,0,0,0,0.000202793,0,0,0,0.000109019,0.000478929,0,9,
103,265,22-Jan,3,6,DEL4,Four,Cyl,33,0,0,0,0,0,0,0,0,0,0,0,0,0,0,0.00131786,0,0,0,0,0,0,0.000151976,0,0,0,0,0,0,0,0,0,0,0.00627902,0,0,0,0,0,0,0,0,0,0,0,0,0,0,4.07E-05,0,0,0,0,0,0,4,
104,277,22-Jan,16,7,DEL4,Four,Cyl,31,0,0,0,0,0,0,0,0,0,0,0,0,0,0,0.001647013,0,0,0,0,0,0,9.86E-05,0,0,0,0,0,0,0,0,0,0,0.003808925,0,0,0,0,0,0,0,0,5.04E-05,0,0,0,0,0,5.94E-05,0,0,0,0,0,0,5,
105,286,24-Jan,9,7,DEL4,Four,Cyl,30,0,0,0,0,0,0,0,0,0,0,0,0,0.00E+00,0,0.001203743,0,0,0.00E+00,0,0,0,0,0,0,0,0.00017386,0,0,0,0,0,0,0.003423032,0,0,0,0,0.000349412,0,0,0,0,0,0,0.001072732,0,0,0.000111133,0,0,0,0,0,0,6,12.6
106,4,13-Nov,4,7,DEM,Four,Cyl,5,0,0,0,0,0,0,0,0.000132693,0,0,0,0,0.00E+00,0,0.000445289,0,0.000363167,0,0,0,0,0,0,0,0,0,0,0,0,6.42E-05,0,0,0.004800774,0,0,0,0,0,0.000313194,0,0,0,0,0,0,0,0,6.47E-05,0,0,0,0,0,0,7,
107,35,15-Nov,5,8,DEM,Four,Cyl,6,0.000791516,0,0,0,0,0,0,0.000430986,2.81E-05,0,0,0,0.00E+00,0.000633112,0.000889509,0,0,0.000179162,0,0,0,0,0,0.011074997,0,0,0.00E+00,0,0,2.90E-05,0,0.000561923,0.006834253,0,0,0,0,0,0.000469437,0,0,0,0,0,0.001196321,0.003397807,0.003116397,1.61E-05,0,0.00E+00,0,0,1.61E-05,0,16,
108,38,15-Nov,8,7,DEM,Four,Cyl,3,0.000490448,0,0,0,0,0,0.000706021,0.000448743,3.81E-05,0,0,0,0.00E+00,0.000729125,0.001484979,0,0,0.000209671,0,0,0,0,0,0,0,0,0,0,0,2.96E-05,0,0,0.005823075,0,0,0,0,0,0.000424817,0,0,0,0,0,0,0,0,0,0,0,0,0,0,0,10,
109,47,15-Nov,20,6,DEM,Four,Cyl,1,0,0,0,0,0,0.000155017,0,0.00047981,5.68E-05,0.00E+00,0,0,0.00E+00,0.000483209,0.004075755,0,0.000903776,0,0,0,0,6.30E-05,0,0,0,0.00E+00,0,0,0,2.23E-05,0,0,0.017062203,0,0,0,0,0,0.001416523,0,0,0,0,0,0,0.003588746,0,0,0,0,0,0.000164555,0.000378485,0,13,
110,93,20-Nov,5,6,DEM,Four,Cyl,4,0,0,0,0,0,0,0,0.000218747,0,0,0,0,0.00E+00,0.000911258,0,0,0,0,0,2.05E-05,0,0,0,0,0,0,0,0,0,0,0.000442763,0,0,0,0,0,0,0,0,0,0,0,0,0,0.001815654,0,0,3.96E-05,0,0,0,0,0.000165105,0,7,
111,95,20-Nov,7,9,DEM,Four,Cyl,2,0,0,0,0,0,9.39E-05,0,0.000468438,0,0.00E+00,0,0,0.00E+00,0.00087437,0.002451357,0,0.00064933,0,0,0,0,0,0,0,0,0.000562868,0.00E+00,0,0,0,0,0.000419599,0.007615311,0,0,0,0,0.000297325,0.000909084,0,9.61E-05,0,0,0,0.000639944,0.004348893,0.011388741,1.75E-05,0,0.000112987,0,0.000181705,0.000145216,0,18,
112,121,30-Nov,11,10,DEM,Four,Cyl,10,0.00036812,0,0,0.000167748,0,6.56E-05,0.000265051,0.000255659,0,0,0,0,0.00E+00,0.000337762,0.001515603,0,0.000319016,0.000416829,0,3.29E-05,2.38E-05,0,0,0,0,0.001377473,0.00E+00,0,0,0,0.000251227,0,0.002124162,0,0,0,0,0,0.000437073,0,0,0,0,0,0,0.002601056,0.016683245,0,0,0,0,0.000186706,0.000324142,0,19,
113,123,30-Nov,13,11,DEM,Four,Cyl,7,0.000726101,0,0,0,0.001511228,9.08E-05,0,0.000600416,0,0.00E+00,0.000979803,0,0.00E+00,0.001263621,0.002189115,0,0.00072365,0.000264728,0.004379939,8.78E-06,0,6.44E-06,0.000265577,0,0,0.000447209,0,0,0,0.000104535,0,0.000225171,0.005980703,0.001497687,0,0,0,0.001184792,0.000676755,0,0,0,0,0,0,0.003868202,0.012575249,0.000109521,0,4.57E-05,0,0.000153424,0,0,25,
114,138,1-Dec,7,10,DEM,Four,Cyl,12,0.000472883,0,0,0,0,0,0,0.000255622,3.04E-05,0.00E+00,0,0,0.00E+00,0.000761001,0.004004951,9.99E-05,0.001050647,0,0.000118991,0,7.66E-05,0,1.71E-05,0,0,0.001261042,0,0,0,0,0,0,0.005479167,0.001230403,0,0,0,0.000305896,0.000887685,0,4.31E-05,0,0,0,0,0.002578338,0.025668915,2.61E-05,0,0,0,5.73E-05,0.000251049,0,21,
115,140,1-Dec,10,10,DEM,Four,Cyl,11,0.000594671,0,0,0,0.003500521,0,0.000265829,0.000460885,0,0,0,0,0.00E+00,0.000667829,0.002501703,2.62E-05,0.000281135,0,0.000101965,0,0,0,0,0,0,0,0,0,0,0,0,0,0.007559204,0.001985068,0,0,0,0,0.00069439,0,0,1.67E-05,0,0,0,0.003838164,0,1.55E-05,0,2.77E-06,0,0,1.04E-05,0,17,
116,190,12-Jan,18,10,DEM,Four,Cyl,28,0,0,0,0.000174915,0,0.000152115,0,0.000295009,0,0,0,8.39E-05,0,0,0.003057927,0,0.001239772,0,0,0,7.22E-05,0,0,0,0,0.002599676,0,0,0,0,0.001339458,0,0.008679997,0,0,0,0,0.00329476,0.000632987,0,0,0,0,0,0.001455916,0.002687133,0.073373553,8.28E-05,0,6.78E-06,0,0.000183013,6.14E-06,0,19,
117,191,12-Jan,19,9,DEM,Four,Cyl,29,0,0,0,0,0,0,0.000799173,0.000109735,0,0,0,0,0,0,0.001397567,0,0.000442367,0,0,0,0,0,0,0,0,0.000339609,0,0,0,0,0,0.000366691,0.002380814,0,0,0,0,0,0.000413862,0,0,2.43E-05,0,0,0.002304447,0,0.005079378,0.000179394,0,0,0,2.61E-05,4.65E-05,0,14,
118,253,20-Jan,8,6,DEM,Four,Cyl,20,0,0,0,0,0.001481884,2.98E-05,4.56E-05,2.00E-05,0,0,8.65E-05,0,0,0,0.003559487,0,0.000568051,0.000119326,0,0,0,0.000563371,0,0,0,0,0,0,0,0,0,0,0.006030198,0,0,0,0,0,0.000788925,0,7.96E-05,1.93E-05,0,0,0.001026852,0,0,2.04E-05,0,0,0,7.15E-05,0,0,16,
119,278,22-Jan,17,9,DEM,Four,Cyl,34,0,0,0,0,0,0,4.81E-05,0.000275911,0,0,0,0,0,0,0.000613391,0,0,0,0,0,0,0.000547471,5.14E-05,0,0,0,0,0,0,0,0,0,0,0,0,0,0,0,0.000160464,0,0,0,0,0,0,0.003274131,0,0.000414072,0,0,0,0,0.000309884,0,9,
120,290,24-Jan,13,6,DEM,Four,Cyl,33,0,0,0,0,0.001938998,6.72E-05,0.000206225,0.000200543,0,0,0,0,0.00E+00,0,0.003349038,0,0.000303541,0.00E+00,0.000140718,0,0,0,0,0,0,0,0,0,0,0,0,0,0.006321077,0,0.00E+00,0,0,0,0.000607501,0,0,0,0,0,0.001121488,0,0,0,0,0,0,0,0.000276596,0,11,15.26666667
121,6,13-Nov,9,9,MCK,Four,Cyl,1,0,0,0,0,0,0,8.94E-05,0.000486201,0,0,0,0,0,0,0,0,0,0,0,0,0,5.63E-05,0,0,0.042665944,0,0,0,0,0,0.000498109,0,0.000956982,0,0,0,0,0,0,0,0,0,0,0,0,0.003622991,0,0,0,0,0,0,0,0,7,
122,25,14-Nov,12,6,MCK,Four,Cyl,4,0,0,0,0,0,0,0.000522571,0,0.00E+00,0,0,0,0.00E+00,0.000613604,0.001375708,0,0.000281184,0,0.00E+00,0,0,0,0,0,0.016369064,0,0,0,0,0.00E+00,3.07E-05,0.000119464,0.005567603,0,0,0,0.00E+00,0,0.000340214,0,0,0,0,0,0,0,0,0,0,0,0,0,0.000279199,0,10,
123,53,17-Nov,4,6,MCK,Four,Cyl,5,0,0,0,0,0,0,0,0.00E+00,0.00E+00,0,0,0,0,0.000109555,3.00E-05,0,0,0.00E+00,0,0,0,0,0,0,0.007981016,0,0,0,0,0,0,0,0.000345704,0,0,0,0,0,0,0,0,9.87E-06,0,0,0.005644115,0,0,0,0,0,0,0,0,0,6,
124,100,20-Nov,12,8,MCK,Four,Cyl,7,0,0,0,0,0,7.33E-05,0,0.000375801,0,0,0,0,0.00E+00,0.000875555,0.002629514,0,0.000580318,0,0,0,0,2.09E-05,0,0,0.032620374,0.000717291,0,0,0,0,0,0.000257839,0.005315269,0,1.67E-05,0,0,0.000266582,0.000982447,0,0,0,0,0,0.000682921,0.003804602,0.021488231,7.61E-05,0,0.000102971,0,8.46E-05,0.000480489,0,20,
125,101,20-Nov,13,8,MCK,Four,Cyl,10,0,0,0,0,0,0.000118803,6.02E-05,0.000427243,0,0,0,0,0.00E+00,0,0.002847134,0,0.000268363,0,0,2.56E-05,0,0,0,0,0.024393147,0.000933188,0,0,0,0,0,0.000427944,0.00442053,0,0,0,0,0,0.000852837,0,0,0,0,0,0.000995875,0.004152013,0,0,0,0,0,9.30E-05,0.000341927,0,15,
126,113,30-Nov,3,11,MCK,Four,Cyl,9,0.000631028,0,0,0.00018268,0.000861414,5.53E-05,0,0.000686276,0,0.000141821,0.001122655,0,0.00E+00,0.000772554,0.002826386,0,0.000291704,0.000567318,0.004750591,0,0,0.000395606,0,0,0.019920803,0.0018421,0,0,0,0,0,0.000371055,0.007998478,0,0.000315154,0,0.00E+00,0.001013518,0.000784708,0,0,0,0,0,0,0.006033005,0.045941116,6.07E-05,0,6.31E-05,0,9.27E-05,0.000208189,0,26,
127,132,30-Nov,22,10,MCK,Four,Cyl,12,0.000514375,0,0,6.60E-05,0.001283132,1.89E-05,0.001195677,0.000703295,0,0.000220416,0.001004064,3.52E-05,0.00E+00,0.000638399,0.002004291,0,0.000399481,0.000949618,0.004357797,0,9.72E-05,2.47E-05,0,0,0.013562785,0.001499489,0,0,0,0,0,0.000222872,0.005048068,0,0.000190631,0,0,0.00130668,0.000478097,0,0,0,0,0,0,0.00631156,0.04237134,5.69E-05,0,0.000135432,0,3.06E-05,0,0,28,
128,142,1-Dec,12,6,MCK,Four,Cyl,11,0.000830732,0,0,2.80E-05,0.004138894,0,0,0,0,0,0,0,0.00E+00,0.002923016,0.001870262,0,0,0,0,0,0.000104494,5.02E-05,5.65E-05,0,0.020692478,0.001965514,0,0,0,0,0,0.000674127,0.009474385,0,0,0,0,0.001396686,0.00042643,0,0,0,0,0,0,0,0.049317342,3.34E-05,0,7.10E-05,0,0,0,0,17,
129,176,12-Jan,3,9,MCK,Four,Cyl,28,0,0,0,7.19E-05,0,0.000342159,0,0.000553435,0,0,0,0,0,0,0.005723819,0,0.002102171,0.000534738,0,1.58E-05,0,0,0,0,0.008606299,0.001296965,0,0,0,0,0,0.000160764,0.010568948,0,0,0,0,0,0.00176684,0,0,1.19E-05,0,0,0,0.005248393,0.038896789,9.64E-05,0,2.15E-05,0,0.000290864,0.001088235,0,19,
130,177,12-Jan,4,12,MCK,Four,Cyl,25,0,0,1.13E-05,0,0,0.000148873,6.03E-05,0.000204694,0,0.00E+00,0,0,0,0,0.003112137,0,0.000637136,0,0,0,0,9.42E-06,1.76E-05,0,0.003370058,0,0,0,0,0,0,0.000278413,0.007568775,0,0,0,0,0,0.000861605,0,0,8.36E-07,0,0,0.00129665,0.001908564,0,4.61E-05,0,0,0,0.00031889,0.000122559,0,18,
131,230,15-Jan,2,6,MCK,Four,Cyl,32,0,0,0,1.55E-05,0,3.79E-05,0.000200353,0.000480205,0,0,0,0,0,0,0.002945312,0,0.000211189,0,0,1.95E-05,0,0,0,0,0,0.001312637,0,0,0,0,0,0.000543503,0.006194834,0,0,0,0,0.000173552,0.000580734,0,0,0,0,0,0,0.005652626,0.011449109,2.82E-05,0,0,0,5.34E-05,6.40E-05,0,17,
132,233,15-Jan,5,7,MCK,Four,Cyl,35,0,0,0,0,0,3.31E-05,6.24E-05,0.00E+00,0,0.00E+00,0,0,0,0,0.001788829,0,0.000229779,0,0,0,0,4.88E-05,0,0,0.06187029,0,0,0,0,0,0.000104587,0.000287711,0.009332217,0,0,0.000209205,0,0,0.000224423,0,0.00E+00,0,0,0,0.000718307,0,0,5.02E-05,0,0,0,1.22E-05,0.000253073,0,15,
133,243,15-Jan,15,6,MCK,Four,Cyl,33,0,0,0,0,0,0,0,0,0,0,0,0,0,0,0.001519587,0,0,0,0,1.07E-05,0,0.000365239,0,0,0.014151483,0,0,0,0,0,0.000122446,0.000257124,0.002492718,0,0,0,0,0,4.81E-05,0,0,0,0,0,0,0.004159981,0,0,0,0,0,0,6.63E-05,0,10,
134,266,22-Jan,4,7,MCK,Four,Cyl,30,0,0,0,0,0,0,0,0,0,0,0,0,0,0,0.000422331,0,0,0,0,0,0,0,0,0,0,0,0,0,0,0,0,0,0,0,0,0,0,0,3.54E-05,0,0,6.17E-05,0,0,0,0,0,4.49E-05,0,0,0,0,0,0,4,
135,282,24-Jan,4,7,MCK,Four,Cyl,34,0,0,0,0,0,0,3.34E-05,0,0.00E+00,0,0,0,2.64E-05,0,0.001416758,0,0,0,0.00E+00,0,0,0,0,0,0.047074457,0.00090233,0,0,0,0.00E+00,0,0.00042422,0,0,0,0,0,0,0.000313071,0,0,0,0,0,0.001098744,0,0.009751202,0,0,0,0,3.43E-05,0.00012402,0,11,10.86666667
136,2,13-Nov,2,7,CB323,One,Ung,1,0,0.000191376,0,0,0,0,0,0.000176701,0,0,0,0,0,0,0,2.59E-05,0,0,0,0,0,0,0,0,0.002626253,0.001939424,0,0,0,0,0,0.000318739,0,0,0,0.000297385,0,0,0,0,0,0,0,0,0,0.000385403,0.033861365,0,0,2.52E-05,0,0,0,0,10,
137,98,20-Nov,10,6,CB323,One,Ung,10,0,0,0,0,0,0,0,0.000180253,0,0,0,0,0,0,5.97E-05,0,9.80E-05,0,0,1.48E-05,0,0,0,0.000199184,0.015326522,0.001171861,0,0,0,0,0,0.000429416,0,0,0,0,0,0.001752537,0.000201351,0,0,0,0,0,0.001451698,0.000580457,0.027669112,0,0,0,0,0,0,0,13,
138,108,20-Nov,20,6,CB323,One,Ung,8,0,0,0,0,0,0,0,0,0,0,0,0,0.000398839,0.001404816,0,0,0,0,0,3.13E-05,0,0,0,0.000953643,0.034368435,0,0,0,0,0,0,0,0,0,0,0,0,0,0,0,0,0,0,0,0,0,0,0,0,0,0,0,0,0,5,
139,114,30-Nov,4,10,CB323,One,Ung,13,0.000626524,0,0,0,0,6.80E-05,0,0.000186896,0,0,0.001010238,0,6.25E-05,0.000122583,3.89E-05,0,0.000196717,0,0.004343323,5.32E-05,0,0,0,0.001616137,0.009295325,0.000101302,0,0,0.000459195,0.00014491,0,0.000119152,0,0,0.000219602,0,0.00E+00,0,0,0,0,0,0,0,0.001301847,0.002146183,0,0,0,8.04E-05,0,0,0,0,20,
140,118,30-Nov,8,9,CB323,One,Ung,11,0.000253774,0,0,0,0,0,0,0,0.004637624,0,0,0,0,5.36E-05,5.46E-05,0,0,0,0,0.000403335,0,0,0,0,0.003171241,0.00E+00,0,0,0,0.000534551,0,0,0,0,0,0,0,0,0,0,0,0.000125954,0.00020641,0,0,0.000535266,0,0,0,0,0,0,0,0.000185055,11,
141,122,30-Nov,12,7,CB323,One,Ung,7,0.000900591,0,0,0,0.001780247,0,8.17E-05,0.000211596,0.001025064,0,0.001642616,0,3.95E-05,0.000428937,0,0.000357,0.000310469,0,0.006733698,0.000143249,0,0,0,0.005838049,0.108571668,0.001379488,0,0,0.000732718,0.000501354,0,0.000925413,0,0.002799457,0.00018543,0,0,0,0,0,0,0.000129703,0.000297385,0,0.001932627,0.002562534,0.029270218,0,0,8.82E-05,0,0.000100858,0,0,27,
142,128,30-Nov,18,7,CB323,One,Ung,12,0.000963247,0,0.002538173,0,0,0,0,0.000100744,0.002124605,0,0.001635012,2.16E-05,0.00E+00,0.000536061,1.69E-05,0,0,0,0.006514586,0.000195052,0,0,0,0,0.000596241,0.00E+00,0,0,0,0.000994261,0,6.02E-05,0,0.002887719,0,0,0,0,0,0,0,0.000130967,0.000194049,0.002869952,0,0,0,0,0,0,0,0,0,0,17,
143,198,13-Jan,5,6,CB323,One,Ung,27,0.00059706,8.19E-05,0,0,0.00091996,0,0,0,0,0,0,0,9.49E-05,0,0,0,0,0,5.27E-05,0,0,0,0,0.00155614,0.01660459,0.001326496,0.000184942,0,0,0,0,7.13E-05,0,0.00E+00,0,0.000613107,0,0,0,0,0,0,0,0,0.00131925,0,0.021996719,0,0,0,0,0,0,0,13,
144,204,13-Jan,11,7,CB323,One,Ung,32,0,5.11E-05,0,0,0.00083014,0,0,0,0.000125589,0,0,0,5.62E-05,0,0,0,0,0.00E+00,5.47E-05,0,0,0,0,8.91E-05,0.001673831,0,0,0,0,0,0,0,0,0.00E+00,0,0,0,0,0,0,0,0,0,0,0,0,0.00E+00,0,0,0,0,0,0,0,7,
145,209,13-Jan,16,6,CB323,One,Ung,37,0.000299792,2.91E-05,0,0,0.000278023,0,0,0,0.003137459,0.00E+00,0,0,4.82E-05,0,0,0,0,0,0.000226433,0.000245285,0,0,0,0.000547684,0.003795837,0,0,0,0,0,0,0,0,0,0,0,0,0,0,0,0,0.000119544,0,0,0.000834705,0,0,0,0,0,0,0,0,0,11,
146,216,14-Jan,6,6,CB323,One,Ung,36,0.000246892,0.000126054,0,0.000675588,0,0,0,0,0,0,0,0,0.000117077,0,0,0,0,0,0,0,0.000705353,0,0,0.00027485,0.004140643,0.004881287,0,0,0,0,0,0,0,0,0,0.000517743,0,0.000224445,0,0,0,0,0,0,0.00078544,0,0.094257503,0,0,4.96E-05,0,0,0,0,13,
147,221,14-Jan,11,6,CB323,One,Ung,34,0.000348621,3.78E-05,0,0.000743638,0.000487651,0,0,0,0,0,0,0,6.21E-05,0,0,0,0,0,0,0,0.000552839,0,0,0.000471401,0.01437959,0.005947516,0,0,0,0,0,0,0,0,0,0,0,0.000449138,0,5.96E-05,0,1.96E-05,0,0,0,0,0.141619643,0,0.000262356,4.43E-05,0,0,0,0,15,
148,225,14-Jan,15,7,CB323,One,Ung,33,0.000412107,0.000151224,0,1.86E-05,0.000893615,0,0,0,0,0,0,0,0.000101533,0,0,0,0,0,0,0,5.78E-05,0,0,0,0.001129561,0.00104414,0,0,0,0,0,0,0,0,0,0,0,0,0,0,0,0,0,0,0,0,0.014369004,0,0,0,0,0,0,0,9,
149,305,2-Feb,3,6,CB323,One,Ung,41,0.000581802,0.000357586,0,0.000117014,0.000837176,0,0,0,0,0,0,0,9.24E-05,0,0,0,0,0,5.96E-05,0,0.000402636,0,0,0.000195846,0.005099166,0.002332413,0,0,0,0,0,0,0,0,0,0.001205623,0,0.000120861,0,0,0,0,0,0,0,0,0.037938867,0,0,0,0,0,0,0,13,
150,306,2-Feb,4,6,CB323,One,Ung,38,0.000702847,0.000233726,0,0,0.001223408,0,0.000189999,0.001077897,0.000947341,0,0,0,3.74E-05,0,0,0,0,0,0.00017616,0,8.56E-05,0.000212605,0,0.002601794,0.034488372,0.000507567,0.001343328,0.014622705,0.000118016,0.000359611,0,0.004921823,0,0,0.004681603,0.000888335,0,0,0,0,0,8.78E-05,0.00011402,0,0,0.018165919,0.01196934,0,0,0.000713521,0,0,0,0,25,13.93333333
151,24,14-Nov,11,6,GRCO,One,Ung,3,0.0006905,0,0,0,0,0,0,0,4.77E-05,0,0,0,0.00E+00,0.00064653,0,0,0,0,4.61E-05,0,0,0,0,0,0.006995331,0,0,0,0,0,0,0,0,0,0.000135667,0,0.00E+00,0,0,0,0,0,0,0,0,0,0,0,0,0,8.56E-05,0,0,0,7,
152,41,15-Nov,11,6,GRCO,One,Ung,2,0.000803472,0,0.001541091,0,0,0,0,0,0.001920121,0,0,0,0.00E+00,0.000368719,6.96E-05,0,0,0.000793386,0.000384906,0.000207712,0.00014115,0,0,0,0.026597599,0.00E+00,0,0,0,0.000716132,0,0,0,0,0,0,0,0,0,0,0,0.000135374,0,0,0,0.00069578,0,0,0,0,0,0,0,0,13,
153,48,15-Nov,21,6,GRCO,One,Ung,6,0.000308209,0,0,0,0,0,0,0,0.00079994,0,0,0,0,0.00048909,0,0,0,0.00010421,0,3.69E-05,0,0,0,0,0.001248235,0,0,0,0,0,0,0,8.99E-05,0,0,0,0,0,0,0,0,0,0,0,0,0,0,0,0,0,0,0,0,0,7,
154,67,17-Nov,20,7,GRCO,One,Ung,1,0,0,0,0,0,0,0,0,0.000924718,0,0,0,0,0.000176633,0,0,0,0.000315602,3.46E-05,8.96E-05,0,0,0,0,0.01054208,0,0,0,0,9.24E-05,0,0,0,0.00032803,0,0,0,0,0,0,0,2.36E-05,0,0,0.008578423,0,0,0,0,0,0,0,0,0,10,
155,94,20-Nov,6,7,GRCO,One,Ung,9,0,0,0,0,0,0,0,0,0.001403819,0.000141914,0,0,0,0,0,0,0,0.003423184,0,0.000165509,0,0,0,0,0.003700285,0,0,0,0,0,0,0,0,0,0,0,0,0,0,0,0,0,0,0,0.001266639,0,0,0,0,0,0,0,0,0,6,
156,99,20-Nov,11,6,GRCO,One,Ung,8,0,0,0.000128347,0.00015053,0,0,0,0,0.000422367,0,0,0,0,0.001836027,0,0,0,0,0,4.43E-05,0,0,0,0,0.044920821,0.001459645,0,0,0,0,0,0,0,0,0,0,0,0,0,0,0,0,0,0,0.001114406,0,0.034226264,0,0,1.71E-05,0,0,0,0,10,
157,106,20-Nov,18,6,GRCO,One,Ung,11,0,0,0,0,0,0,0,0,0.000828807,0.000301966,0,0,0,0.000460879,0,0,0,0.000783395,0,6.72E-05,0,0,0,0,0.002237171,0,0,0,0,0,0,0,0,0,0.000292716,0,0,0,0,0,0,0,0,0,0.002219093,0,0,0,0,0,0,0,0,0,8,
158,143,1-Dec,13,6,GRCO,One,Ung,10,0,0,0,0,0,0,0,0,0.001301312,0,0,0,0.00E+00,0.000383741,0,0,0,0.000332506,0.00018043,0.000111912,0,0,0,0,0.009195092,0,0,0,0,1.42E-05,0,0,0,0.001845767,0,0,0,0,0,0,0,4.61E-05,0,0,0,0,0.003857653,0,0,0,0,0,0,0,10,
159,181,12-Jan,8,6,GRCO,One,Ung,29,0,0,0,0,0,0,6.98E-05,0,0,0,0,0,0,0,0,0,0,0.000409972,0,8.86E-06,0,0,0,0,0.021066033,0,0.000117893,0,0,0,0,6.70E-05,0.000430175,0,0,0,0,0,0,0,0,0,0,0,0.00100434,0,0,0,0,0,0,0,0,0,8,
160,245,15-Jan,17,6,GRCO,One,Ung,30,0,0,0,0,0,0,0,0,0.002619658,0,0,0,0,0,0,0,0,0.000973021,0,0.000183507,0,0,0,0,0.058761201,0,0,0,0,0,0,0,0,0.001255516,0,0,0,0,0,0,0,0,0.000285861,0,0.000840104,0.000229806,0,0,0,0,0,0,0,0,8,
161,259,20-Jan,14,8,GRCO,One,Ung,35,0,0,0,0,0.00045963,0,0,0,0.0017268,0,0,0,0,0,0,0,8.20E-05,0.000519883,0,0.000117043,0,0,0,0,0.015225085,0,9.14E-05,0,9.68E-05,0.000179683,0,0,0,0.000785116,0,0,0,0.000152335,0,0,0,7.16E-05,0.000221126,0,0,0.000635465,0,0,0,4.59E-05,0.000434191,0,0,0,16,
162,284,24-Jan,6,6,GRCO,One,Ung,34,0,0.000260722,3.61E-05,0,0,0,0,0,0.004495639,0.000231877,0,0,0,0,0,0,0,0.001185828,0.000502626,0.000389659,0,0,0,0,0.001827824,0,0,0,0,0.000843194,0,0,0,0.002549357,0.000281538,0,0,0,0,0.000520801,0,0.000146696,0.000162573,0,0,0.001186882,0,0,0,0,0,0,0,0,15,
163,298,29-Jan,5,7,GRCO,One,Ung,33,0.001028059,0,0,0,0,0,0,0,0.001739184,0,0,0,0,0,0,0,0,0.000326232,0,0.000139373,0,0,0,0,0.008100963,0.00E+00,0,0,0.000131348,0.000160239,0,0,0.000525474,0,0,0.000215338,0,0,0,0,0,8.19E-05,0.000186069,0,0.001777262,0,0,0,0,0,0.00022201,0,0,0,13,
164,299,29-Jan,6,7,GRCO,One,Ung,32,0.000716221,0,0,0.000200108,0,2.03E-05,0,3.89E-05,0.002208372,0,0,0,0,0,0,0,2.42E-05,0.000803806,0.000276649,0.000159491,0.000166667,0,0,0,0.038022442,0.001218395,3.56E-05,0,0.000312075,0.00024801,0,0.000180982,0,0,0,0,0,0.00028629,0,5.94E-05,0,8.71E-05,0.000104142,0,0,0.001513026,0.016322796,0,0.000176371,4.70E-05,0,0,0,0,24,
165,300,29-Jan,7,6,GRCO,One,Ung,31,0,0,0,0.000249537,0,0,0,0,0.003769824,0.000149615,0,6.22E-05,0,0,0,0,2.24E-05,0.002414003,0.000616536,0.000370918,0.000208455,0,0,0,0.088170316,0.002354036,0.000375701,0,0.000194993,0.001957455,0,7.56E-05,0,0,9.41E-05,0,0,0,0,0.000235983,0,0.000151439,0.00024327,0.005353454,0.001193101,0,0.040892053,0,0,0,0,0,0,0,22,
166,37,15-Nov,7,6,S33,One,Ung,6,0.000452806,0,0,0,0,0,0,0,8.80E-05,0,0,0,0.001032839,0,0,0,0,5.17E-05,0,1.33E-05,0,0,0,0,0.00689791,0.001018632,0,0,0,0,0,0,0,0,0,0,0,0,0,0,0,0,0,0,0,0,0.012678372,0,0,0,0,0,0,0,8,
167,45,15-Nov,17,6,S33,One,Ung,11,0,0,0,0.000249362,0,0,0,0,2.18E-05,0,0,0,0,0,0,0,0,0.000302771,0,0,0.00014367,0,0,0.000858724,0.007963115,0.003953074,0,0,0,0,0,0,0,0,0,0,0,4.52E-05,0,0,0,0,0,0,0,0,0.054083177,0,3.92E-05,0,0,0,0,0,10,
168,52,17-Nov,3,6,S33,One,Ung,12,0,0,0,0.000359135,0,0,0,0,0,0,0,0,0,0.00E+00,0,0,0,0.000796523,0,0,0.000454169,0,0,0,0.007269878,0.004359326,0,0,0,0,0,0,0,0.000649135,0.000100119,0,0,0.000378513,0,0,0,0,0,0,0.009768097,0.00112041,0.118454126,0,0,4.92E-05,0,0,0,0,12,
169,58,17-Nov,10,6,S33,One,Ung,7,0,0,0,0,0,0,0,0,0.000287557,0,0,0,0,0,0,0,0,0.000431324,1.44E-05,0,0.000176219,0,0,0.000886764,0.019293399,0.001976211,0,0,0,0,0,0,0,0.000397966,0,0,0,0,0,0,0,0,0,0,0.005546276,0,0.045153501,0,0,0,0,0,0,0,10,
170,90,20-Nov,2,6,S33,One,Ung,8,0,0,0.001945948,0,0,0,0,0,0.001077079,0,0,0,0.000545078,0,0,0,0,0.002570953,0,9.38E-05,2.47E-05,0,0,0.00039128,0.021109973,0.005088353,8.17E-05,0,0,0,0,0,0,0,0.000293116,0,0,0,0,0,0,0,0,0,0.000957795,0.000648089,0.110620498,0,0,0.000129604,0.000120226,0,0,0,16,
171,107,20-Nov,19,8,S33,One,Ung,13,0,2.30E-05,0,0,0,0,0,0,0.000536421,0,0,0,0,0,5.36E-05,0,0,0,0,3.90E-05,0,0,0,0.000138346,0.004343383,0,0,0,0,0,0,0,0,0,0,0,0,0,0,0,0,0,0,0,0.001017104,0,0,0,0,0,0,0,0,0,7,
172,228,14-Jan,19,6,S33,One,Ung,28,0,0,0.00055092,0.000715249,0.001124234,0,0,0,0.001590064,0,0,1.97E-05,0.000260278,0,0,0,0,0.001445695,0,0.000132128,0.000851289,0,0,0.000419219,0.0121866,0.008337214,0,0,0,0.000582727,0,0,0,0.000819432,0,0,0,0.000320225,0,0.000174321,0,8.31E-05,0,0,0.001005,0.000446583,0.199630902,0,0,0,0,0,0,0,20,
173,234,15-Jan,6,6,S33,One,Ung,38,0,0,0.000616106,0,0,0,0.000318066,0.002151435,0,0.000888368,0,0,0,0.004471213,0,0,0,0.000692628,0,0,0,0.000273632,0,0.002285554,0.029226604,0.000734497,0.003289491,0,0,0,0,0.008115571,7.37E-05,0.000955822,0.003989209,0,0,0,0,0,0.000151211,0,0,0,0,0.029635606,0.015744887,0,0,0.000642426,0,0,0,0,19,
174,239,15-Jan,11,8,S33,One,Ung,32,0,0.000128811,0.000603322,0,0,0,0,0,0,0,0,0,0,0,0,0,0,0.000107379,0,0,0,0,0,0.000287557,0,0,0,0,0,0,0,0,0,0,0,0,0,0,0,0,0,0,0,0,0,0,0,0,0,0,0,0,0,0,4,
175,241,15-Jan,13,7,S33,One,Ung,33,0,0,0.002023309,0.000398407,0,0,0,0,0.000353586,0,0,0,0,0,0,0,0,0.000621678,0,4.67E-05,0.000691323,0,0,0.000217834,0,0.00433053,0,0,0,0,0,0,0,0,0,0,0,0.000356497,0,0.000110638,0,0,0,0,0.001314953,0,0.083742828,0,9.79E-06,0,0,0,0,0,13,
176,244,15-Jan,16,6,S33,One,Ung,31,0,0,0,0.000153493,0,0,0,0,0.014992305,0,0,0,0,0,0,0,0,0.001597631,0,0.001197965,0.000396566,0,0,0.000997621,0.035854643,0.004813711,0,0,0,0.000939624,2.85E-05,0.00E+00,0,0.002031308,0.001082397,0,0,0,0,0.000199354,0,0,0,0.000297272,0,0.000308085,0.039629822,0,0,0,0,0,0,0,16,
177,258,20-Jan,13,8,S33,One,Ung,34,0,0.000237769,0,0,0.000934578,0,0,0,0.000916075,0.000422484,0.000231917,0.000202389,0,0,0,0,0.000136693,0.00269952,0.000616488,7.33E-05,0,3.47E-05,0,0.000542711,0.021173473,0,8.84E-05,0,0.000150309,0.00221876,0,0.00E+00,0,0.002786007,0,0,0,0.000318385,0,0.000459435,0,7.05E-05,9.50E-05,0,0,0.003663912,0,0,0,4.92E-05,0,0,0,0,23,
178,270,22-Jan,9,8,S33,One,Ung,36,0,0,0,0,0,0,0,0,0,0,0,0,0,0,0,0,0,0,0,0,0,0,0,0.000210626,0,0.000768736,0,0,0,0,0,0,0,0,0,0,0,0,0,0,0,4.00E-05,0,0,0,0,0.009835705,0,0,0,0,0,0,0,4,
179,272,22-Jan,11,8,S33,One,Ung,30,0,0,0,0,0,0.000415009,0,0.00032834,0.003287963,0.000649865,0,0.000122937,0,0,0,0,0.000329709,0.00172731,0,0.000275653,0,0,0,0.002434837,0.036080735,0,0,0,0,0.000985413,0,0.000748514,0,0,0,0,0,0.000207733,0.001016965,0.000515045,0,0.000176602,0.000649245,0.003208792,0,0.001413387,0,0,0,3.16E-05,0,0,0,0,20,
180,275,22-Jan,14,7,S33,One,Ung,35,0,0,0.001038967,0,0,0,0.00031541,8.35E-05,0,0.00065996,0,0,0,0,0,0,0,0.000434205,0,0,0,1.12E-05,0,0.001374577,0.038242233,0.000629171,0.000914027,0,8.28E-05,0,7.67E-05,0,0,0,0.002540824,0,0,0,0,0,0,5.80E-05,0,0,0,0.001812747,0.010601679,0,0.000500416,8.83E-05,0,0,0,0,18,
181,8,13-Nov,11,7,DVT,Two,Ung,12,0,0.000146337,0,0,0,0,0,0,0.000506008,0,0,0,0,0,0,0,0,0,0.000229728,5.88E-05,0,0,0,0.004258951,0.023395641,0,0,0,0,0.000352275,0,0.000285605,0,0,0,0.000616307,0.000623257,0,0,0,0,0,0,0,0,0.00062736,0.001158498,0,0,0.000191385,0,0,0,0,13,
182,14,13-Nov,19,7,DVT,Two,Ung,10,0,5.95E-05,0,0,0,0,0,0,0.00E+00,0,0,0,0,0,0,0,0,0,0,0,8.16E-05,0,0,0.0013554,0.011471379,0.001900711,0,0,0,0,0,0.001244888,0,0,0,0,0.001321982,0,2.28E-05,0,0,0,0,0,0,0.000277499,0.049979366,0,0,0.000294045,0,0,0,0,11,
183,29,14-Nov,16,7,DVT,Two,Ung,9,0,0.000186355,0,0,0,0,0,0,0,0,0,0,0,0,0,0,0,0,7.47E-05,0,0,0,0,0,0.008430807,0.001739933,0,0,0,0,0,0.000472171,0,0,0,4.49E-05,8.96E-05,0,0,0,0,0,0.000109094,0,0,0,0.05005669,0,0,0,0,0,0,0,9,
184,39,15-Nov,9,7,DVT,Two,Ung,6,0,0,0,0,0,0,0,0,0.002074763,0,0,0,0.00016913,0,0,0,0,0.000224374,0,0.000223989,0,0,0,0,0,0,0,0,0,0.00E+00,0,0,0,0,0,0,3.37E-05,0,0,0,0,0,0,0,0,0,0,0,0,0,0,0,0,0,5,
185,44,15-Nov,16,7,DVT,Two,Ung,8,0,4.07E-05,0,7.16E-06,0,0,0,0,0,0,0,0,4.49E-05,0,0,0,0,0.000263973,0,0,0.000107697,0,0,0.000356661,0,0.002225122,0,0,0,0,0,0.000167256,0,0,0,0,0.001168938,0,0,0,0,0,0,0,0,0,0.065281229,0,0,4.63E-05,0,0,0,0,11,
186,73,18-Nov,4,6,DVT,Two,Ung,14,0,4.77E-05,0,0,0,0,0,0,0,0,0,0,0,0,0,0,0,0.000311839,0,0,0,0,0,0.000293212,0,0.001252955,0,0,0,0,0,0.000500091,0,0,0,0.000608406,0.000454119,0,0,0,0,0,0,0,0,2.81E-05,0.040129239,0,0,2.04E-05,0,0,0,0,10,
187,81,18-Nov,12,6,DVT,Two,Ung,13,0,7.09E-05,0,0,0,0,8.87E-05,0.000354844,0.00E+00,0,0,0,0,0,0,0,0,0,0,0,0,0,0,0.001566044,0.031558895,0.001245233,0.000194966,0,0,0,0,0,0,0,0.000170755,0.000924083,0.000380963,0,0,0,0,0,0,0,0,0.005149182,0.039276697,0,0,0.000243158,0,0,0,0,13,
188,103,20-Nov,15,6,DVT,Two,Ung,7,0,5.85E-05,0,0.000116946,0,0,0,0,0,0,0,0,0,0,0,0,0,0,0,1.72E-05,0.00013037,0,0,0.001581606,0.054915516,0.003279071,0,0,0,0,7.98E-05,0.00039566,0,0,0,0,0.000407181,0,7.30E-05,0,0,0,0,0,0.000970571,0.000287391,0.060385207,0,0,6.02E-05,0,0,0,0,15,
189,125,30-Nov,15,8,DVT,Two,Ung,4,0,0,0,0,0.001354602,0,0,0,0.001736119,0.000245396,0.001654393,3.88E-05,2.77E-05,0,0,0,0,0.000717133,0.006855718,0.000182584,0,0,0,0.000744687,0.011240578,0.00E+00,0,0,0,0.000822267,0,0,0.000190008,0.002784051,0,0,0.000398743,0,0,0,0,0.000129389,0.000315562,0.002629962,0,0,0.000476526,0,0,0,0,0,0,0,19,
190,175,12-Jan,2,8,DVT,Two,Ung,24,0,0,0,0,0,0,0,0.000145856,0.004300596,0.000223038,0,0,0,0,2.10E-05,0,9.47E-05,0.001923861,0,0.000463707,0,0,0,0.001621849,0,0,0,0,0.00017537,0.000633116,4.82E-05,0.000648766,0,0,0,0,0,0,0,0.000283432,0,0.000205976,0.000252749,0,0,0.004383766,0,0,0,0.000204411,0,0,0,0,17,
191,220,14-Jan,10,7,DVT,Two,Ung,33,0,1.94E-05,0,0,0.000422368,0.000140862,0,3.90E-05,0.001896919,0,0,0,2.45E-05,0,0,0,0.000115701,0.000390348,0,0.000138157,0,0,0,0.000163121,0,0.00E+00,0,0.014637562,0.000436944,0.00E+00,6.93E-06,0.000161714,0,0,0,0,0.000662996,0,0,0,0,4.54E-05,0.000134944,0,0,0.000409217,0,0,0,9.53E-07,0,0,0,6.67E-06,20,
192,242,15-Jan,14,6,DVT,Two,Ung,32,0,0,0,0,0,0,0,0,0.002017926,0.00055256,0,0,0,0,0,0,0,0.001079089,0,0.000181609,0,0,0,0.000173647,0,0,0,0.015167932,0.000111486,0,0,6.66E-05,0,0.001478683,0,0,0,0,0,0,0,0,0.000239868,0,0,0.000793122,0,0,0,7.27E-05,0,0,0,0.000146043,13,
193,255,20-Jan,10,7,DVT,Two,Ung,31,0,0,8.28E-05,0,0.000829041,0,0,0,0.002023168,0,4.69E-05,0,0,0,0,0,0.000534974,0.001026323,0,0.000164524,0,0,0,0.001202445,0.008723329,0.00E+00,0,0.015296608,0.000310711,0.000500729,0,0.000130565,0,0.001541743,0,0.000147999,0,0,0,0.000119924,0,9.02E-05,0.000577554,0,0.00105164,0.001291297,0.00017873,0,0.000502606,8.43E-05,0.000372902,0,0,0.000340223,25,
194,262,20-Jan,17,7,DVT,Two,Ung,29,0,0,0.001545822,0,0.000331983,0,0,1.85E-05,0.000844311,0.000653096,0.000161353,0.000128375,0,0,0,0,0,0.002171743,0,6.09E-05,0,0,0,0.000482644,0,0,0,0,0,0.001427411,6.30E-05,0,0.000321935,0.002177413,0,0,0.002154305,0,0,0.000368246,0,4.90E-05,0,0,0,0.004007054,0.002282063,0,0,0.000156859,0,0,0,0,20,
195,281,24-Jan,2,9,DVT,Two,Ung,30,0,0,0,0,0,0,4.17E-05,0,0.000431813,0,0,0,6.56E-05,0,0,0,0,0.00E+00,8.88E-05,0,0,0,0,0.001082246,0.019906026,0.00E+00,8.50E-05,0,0,0.00E+00,0,0.000141724,0,0,0,0,4.49E-05,0.000611179,0,0,0,0,0,0,0.000389401,0.000288786,0.000681053,0,0,0,0.000177004,0,0,0,14,
196,26,14-Nov,13,7,NP,Two,Ung,2,0.000680359,6.53E-05,0,0,0,0,0,0,0,0,0,0,0,0.000162419,0,0,0,0,3.18E-05,0,0,0,0,0.000663218,0.006643212,0.000950563,0,0,0,6.67E-05,0,0.000326073,0,0,0,0.000338167,0.00E+00,0,0,0,0,0,0,0,0,9.76E-05,0.021862152,0,0,0,0,0,0,0,12,
197,27,14-Nov,14,7,NP,Two,Ung,7,0,0,0,0,0,0,0,0,0.000422419,0,0,0,0,0.000104423,0,0,0,0,0.000115863,0,0,0,0,0,0.004026312,0.000791566,0,0,0,0.000175809,5.05E-05,0.000279005,0,0,0,0,0.00E+00,0,1.16E-05,0,0,0,0,0,0,0.000371977,0.018115548,0,0,0.00E+00,0,0,0,0,11,
198,28,14-Nov,15,6,NP,Two,Ung,12,0,0,0,0,0,0,0,0,0.002899021,0,0,0,0,0.000281994,0,0,0,0.001245505,0.000380613,0.000254935,0,0,0,0,0.000465405,0.000631632,0,0,0,0.000746365,0,0,0,0,0,0.000427295,0.00E+00,0,0,0,0,0.000138713,0.000297377,0,0,0.000653597,0.0142828,0,0,0,0,0,0,0,13,
199,59,17-Nov,11,7,NP,Two,Ung,4,0.000857594,5.53E-05,0,0,0,0,0,0,0,0,0,0,0,9.61E-05,0,0,0,0.000107843,0,0,0,0,0,0,0.004555753,0.000834757,0,0,0,0,0,0,0,0,0,0,0,0,0,0,0,0,0,0,0.009160362,0,0.013886637,0,0,0,0,0,0,0,8,
200,65,17-Nov,18,7,NP,Two,Ung,13,0.000693042,6.86E-05,0,0,0.002650942,0,0,0,0.001970841,0.000307489,0,0,0,0.000269157,0,0,0,0.00142498,0.000278318,0.000179499,0,0,0,0,0.019909561,0.000579345,0,0,0,0.000855876,0,0,0,0.001911316,0,0.000495853,0,0,0,0,0,7.79E-05,0.000136325,0.000342811,0.005717321,0.001103779,0.016939363,0,0,0.00E+00,0,0,0,0,20,
201,66,17-Nov,19,7,NP,Two,Ung,9,0.000484741,0,0,0,0,0,0,0,0,0,0,0,0,0.000120343,0,0,0,0,0,0,0,0,0,0,0.005401533,0,0,0,0,0,0,0,0,0,0,0,0,0,0,0,0,0,0,0,0.008718017,9.12E-05,0,0,0,0,0,0,0,0,5,
202,78,18-Nov,9,6,NP,Two,Ung,10,0,0.00011562,0,0,0,0,0,0,0.00E+00,0.000322935,0,0,0.00E+00,0,0,0,0,0.00031952,0,0,0,0,0,0,0.032876321,0.001035366,0,0,0,0,0,0,0,0,0,0,0,0,0,0,0,0,0,0,0,0.000133649,0.034642577,0,0,0.00E+00,0,0,0,0,7,
203,129,30-Nov,19,8,NP,Two,Ung,11,0.000707917,0.000114559,0,0,0.001988067,0,0,0.000236204,0,3.58E-05,0.001784447,0,0.00E+00,0.000233271,8.83E-05,0.00053331,0.000335672,0.000617114,0.008242071,7.83E-06,0,0,0,0,0.004998865,0.001913432,0,0,0.000969906,0,0,0.000191418,0,0.002256524,0.000234068,0.000579076,0,0,0,0,0,0,0,0,0,0.00143466,0.051338233,0,0,0,0,0,0,0,22,
204,168,15-Dec,3,7,NP,Two,Ung,24,0,0.00011209,0,0.000209498,0,0,0,0,0,0,0.000108856,0,0.00E+00,0,0,0,0,0.000117667,0,0,0.000180856,0,0,0.002606981,0.068197248,0.002610057,0,0,0,0,0,0,0,0,0,0,0,0,0,0,0,0,0,0,0,0.0002363,0.035154636,0,0,0.00E+00,0,0,0,0,10,
205,172,19-Dec,4,6,NP,Two,Ung,21,0,0.000193461,0,0,0,0,0,0.000148979,0,0,0,0,0,0,0,0,0.000276853,0.000433,0,0,0,0,0,0,0.00701055,0.001536961,0,0,0.000312455,0,0,0.000487103,0,0,0,0.001814704,0,0,0,0,0,2.06E-05,0,0,0.001891968,0.000427896,0.043186678,0,0,0,0,0,0,0,13,
206,205,13-Jan,12,6,NP,Two,Ung,36,0.000517074,0.000175957,0,7.86E-06,0.001385385,0,0,0,0,0,0,0,0,0,0,0,0,0.000190498,4.72E-05,0,6.58E-05,0,0,0,0.017561591,0.001558657,0,0,0,0,0,0,0,0.000105674,0,5.86E-05,0,0,0,0,0,0,0,0,0,0,0.023845468,0,0,0,0,0,0,0,12,
207,226,14-Jan,16,6,NP,Two,Ung,31,0.000244496,4.04E-05,0,0.000291401,0.00047699,9.28E-05,0,9.35E-05,0,0,0,0,0.00E+00,0,0,0,5.51E-05,0.000276229,0,0,0.000305958,0,0,0,0.028413471,0.003477969,0,0,0.000110143,0,0,0.000151772,0,0,0,0.000294433,0,0,2.28E-05,0,0,0,0,0,0,0.001103131,0.053876531,0,0,0,0,0,0,0,17,
208,249,20-Jan,4,7,NP,Two,Ung,32,0,0.000382079,0,0.000774017,0.00127785,0.000965595,0,0.000251813,0,0.001308747,0,0,0,0,0,0,0.000605329,0.001248463,0,0,0.001473089,0,0,0,0.008161969,0.008712214,0,0,0.001322207,0.000144535,0,0.000676653,0.000153355,0.000625784,0.000645002,0.000877549,0,0.001204094,0.000186168,0,0,2.62E-05,0,0,0,0.002747332,0.191130589,0,0,0,0,0.00019427,0,0,24,
209,304,2-Feb,2,7,NP,Two,Ung,41,0.00050345,0.000191871,0,0,0.000372942,0.000147969,0,0,0.001008052,0,0.000149362,0,0.00E+00,0,0,0,0,0.000327164,0.00015876,9.25E-05,6.01E-05,0,0,0,0.007457329,0.000827851,0,0,0,0.000348202,0,0,0,0,0,0.000189065,0.00E+00,0,0,0,0,0,0,0,0,0.00048919,0.01601528,0,0,0,0,0,0,0,16,
210,309,5-Feb,3,6,NP,Two,Ung,40,0.000969501,0.000183064,0,0.000204596,0.000710282,0,4.83E-05,0,0,0,0,0,0.00E+00,0,0,0.000169073,7.45E-05,0.000252048,0,0,0.000583364,0,0,0.001250074,0.021090135,0.002331604,0,0,0,0,0,0,0,0.000475015,0,0,0,0.000660581,0,0,0,0,0,0,0,0.000443861,0.044834664,0,0,0,0,0,0,0,16,
211,10,13-Nov,14,6,SC,Two,Ung,11,0,0,0,0,0,0,0,0.000476242,0.00E+00,0,0,0,7.74E-05,0,0,0.000536767,0.000290563,0,0,0,0.000399941,0,0,0.001456999,0.038171549,0.004111798,0,0,0.000833341,0,0,0.001397288,0,0,0,0.000573589,0,0,0.000142636,0,0,0,0,0,0,0,0.083089863,0,0,0.00035073,0.000119533,0,0,0,15,
212,16,14-Nov,2,6,SC,Two,Ung,2,0,0.000143028,0,0,0,0,0,0.000205819,6.64E-05,0,0,0,0,0.00018422,0,0,0,0,8.95E-05,0,0,0,0,0,0.002269717,0.001704421,0,0,0.000235651,0,0,0.000188733,0,0,0,0.000233591,0,0,0,0,0,0,0,0,0,0,0.051017184,0,0,0,0,0,0,0,11,
213,30,14-Nov,18,6,SC,Two,Ung,5,0,9.64E-05,0,0,0,0,0,0,0.00E+00,0,0,0,0,0.000271442,0,0,0,0,0.000146585,0,4.03E-05,0,0,0.002855212,0.054037852,0.002287968,0,0,0,0,0,3.59E-05,0,0,0,0.000101234,0.00E+00,0,0,0,0,0,0,0,0,0,0.062935244,0,0,0,0,0,0,0,10,
214,49,15-Nov,22,8,SC,Two,Ung,9,0.000219089,0,0,0,0,0,8.54E-05,0,0.00024629,0,0,0,2.84E-05,0.000106904,0,0,0,0,0,2.99E-05,8.99E-05,0,0,0.000397377,0.012310411,0.000971204,0,0,0,0,0,0.000108604,0,0,0,0,0,0,0,0,0,0,0,0,0,0.00E+00,0.021389278,0,0,0,8.45E-05,0,0,0,13,
215,69,17-Nov,22,8,SC,Two,Ung,12,0,0.000109202,0,0.000154677,0,0.000184451,0,0.000182143,0.001851563,0.000149631,0,0,0,0.000114364,0,0,6.25E-05,0.00104469,0.000226174,0.00014767,0.000191889,0,0,0.000660252,0.011901277,0.002034449,0,0,0.000223403,0.000665648,0,0.000597609,0,0.001269768,0.000217964,0.000211055,0,3.99E-05,0,0,0,8.08E-05,0.000219593,0.001593491,0.007422818,0,0.032829263,0,2.04E-05,5.29E-05,0,0,0,0,29,
216,71,18-Nov,2,7,SC,Two,Ung,10,0,0,0,0,0,0,0,2.63E-05,2.80E-05,0.00E+00,0,0,0,0,0,0,0,0,0,0,2.93E-05,0,0,0.000133635,0,0.002559057,0,0,0,0,0,0.000234413,0,0.000366006,0,0,0,0,0,0,0,0,0,0,0,0,0.040662412,0,0,0,0,0,0,0,8,
217,79,18-Nov,10,7,SC,Two,Ung,8,0,3.30E-05,0,0,0,0,0,0,0.002471054,0.00015292,0,0,0,0,0,0,0,0,0,0.000303895,0,0,0,0.000741037,0.014260687,0,0,0,0,0.000204341,0,0.000151004,0,0.000542855,0,0,0.00E+00,0,0,0,0,6.36E-05,0,0.000187193,0,0.00E+00,0,0,0,0,0,0,0,0,11,
218,127,30-Nov,17,12,SC,Two,Ung,7,0.00061403,0.000180533,0,0,0.001128212,0,0.000146149,0.000112038,0.00135094,0.000536215,0.001104679,0.0001528,0,0.000261785,0.000103116,0,0,0.001516295,0.005389477,0.000138322,4.98E-05,0,0,0.001246883,0.016247536,0.000748737,0.000102824,0,0,0.001269995,0,3.32E-05,0,0.00300004,0.000121411,0.000284246,0,0.000161622,0,0.000361629,0,0.000113896,5.38E-05,0.003510312,0,0,0.017145696,0,0,7.36E-05,0,0,0,0,31,
219,179,12-Jan,6,10,SC,Two,Ung,31,0,0.000286851,0,0.000234153,0,0,0,0.000107325,0,0.000164199,0,0,0,0,0,0,0,0.000407519,0,4.14E-06,4.53E-05,0,0,0.000397708,0.008177149,0.002527042,0.000150531,0,0.000237385,0,0,0.000977137,0.000238087,0,0,0.000276927,0,0,0,0,0,1.61E-05,0,0,0.001029703,0,0.072626307,0,0,0.000262024,0,0,0,0,19,
220,182,12-Jan,9,7,SC,Two,Ung,28,0,0.00021621,0,0.000218873,0,0,0.000336579,0.000206208,0,0.000859507,0,0,0,0,0,0,0,0.000748713,0,3.31E-06,0.000206215,0,0,0.00099077,0.024405711,0.004075762,0,0,0,0,0,0.002449855,0,0,0,0.00082458,0,0,0,0,0,3.90E-05,0,0,0.000972005,0.003389006,0.082858725,0,0,0.000233706,0,0,0,0,18,
221,208,13-Jan,15,6,SC,Two,Ung,35,0.000388793,6.90E-05,0,0.000208761,0.001594915,0.000277736,0,0,0,0.00E+00,0,0,8.84E-06,0,4.01E-05,0,0,0,1.86E-05,0,0.000321384,0,0,0.003275567,0.069808682,0.004632874,0,0,0.000259295,0,0.00E+00,0.000270579,0,7.32E-05,0,0.000823809,0,0.000488022,0,0,0,0,0,0,0.000932398,0,0.084904525,0,0,0,0,0,0,0,19,
222,212,14-Jan,2,7,SC,Two,Ung,36,0.000364751,0.000241561,0,0.000467133,0,0.000561366,0,0.000120723,0.000379088,0.000311795,0,0,5.39E-05,0,3.95E-05,0,0.000183786,0.000652581,0,2.07E-05,0.000659415,0,0,0.000395877,0.004646327,0.005049903,0,0,0.000531467,0,0,0.000341148,0,0.000439601,0,0.000712601,0,0.000447311,0,4.67E-05,0,1.45E-05,0,0,0,0,0.098812108,0,0,7.04E-05,0,0,0,0,25,
223,219,14-Jan,9,6,SC,Two,Ung,32,0.000602609,0.00020794,0,0.000208212,0,7.06E-05,0,0.000112536,0.00046746,0,0,0,5.19E-05,0,0,0,0.000312093,0,0,2.91E-05,0.000417348,0,0,0.000922973,0.081666126,0.002424064,0,0,0.000328608,0,0,0.000121208,0,0,0,0.000677481,0,0,0,0,0,1.16E-05,0,0,0.001460341,0,0.033586503,0,1.76E-05,0,0,0,0,0,20,
224,248,20-Jan,3,8,SC,Two,Ung,34,0,0.00018361,0,0.000424309,0.000875243,0,9.11E-05,0.000397028,0.001406989,0.000260394,0,0,0,0,0,0,0,0.001261772,0,0.000159187,0.000581749,0.000425416,0,0.00029938,0.006447024,0.003987751,0,0,0,0.000727543,0,0.000292589,0,0.001469261,0,0.000137483,0,0.000832785,0,7.22E-05,0,7.60E-05,0,0,0.000897771,0.006633535,0.061596545,0,5.03E-05,0.000747766,0,0,0,0,26,
225,250,20-Jan,5,6,SC,Two,Ung,37,0,0.000124427,0,0.000847416,0.000676303,0,0,0.000921377,0,0,7.07E-07,1.70E-05,0,0,0,0,0.000761496,0.000822158,0,0,0.001675262,0.002245713,0,0.000816668,0.020059185,0.007788815,0,0,0.00028076,0,0,0.001127283,0,0.000472526,0.000302283,0,0,0.001447877,0,2.91E-06,0,7.46E-06,0,0,0.001295188,0.013360843,0.13298162,0,0.000360988,0.001662974,0.000295913,0,0,0,26,
226,20,14-Nov,7,6,DEL4,Four,Ung,8,0.000810264,0.000114362,0,0,0,0,0,0,6.86E-05,0,0,0,0,0.000213025,0,0,0,0,0,0,0,0,0,0,0,0.002421297,0,0,0,0,0,0,0,0,0,0,0,0,0,0,0,0,0,0,0,0,0.060572983,0,0,6.15E-05,0,0,0,0,7,
227,22,14-Nov,9,6,DEL4,Four,Ung,3,0.000759707,0.000340492,0,0,0,0,0,0,0,0,0,0,6.69E-05,0.000502633,0,0,0,0,6.21E-05,0,0,0,0,0,0,0.000391893,0,0,0,0,0,0,0,0,0,0,0,0,0,0,0,0,0,0,0,0,0.003194595,0,0,0,0,0,0,0,7,
228,36,15-Nov,6,6,DEL4,Four,Ung,15,0.000654114,5.54E-05,0,0,0,0,1.50E-05,0,0.00032659,0,0,0,2.47E-05,0.000370179,0,0,0,0.000154211,0,2.01E-05,0,0,0,0,0,0,0,0.005323534,0,0.00E+00,0,0,0,0,0,0,0,0,0,0,0,0,0,0,0,8.92E-05,0,0,0,0,0,0,0,0,10,
229,51,17-Nov,2,8,DEL4,Four,Ung,7,0,0,0,0,0,0,0,0,8.94E-05,0.000201432,0,0,0,0,0,0,0,0.000734652,5.80E-05,2.02E-05,0,0,0,0,0,0.000415484,0,0.010565222,0,0,0,0,0,0.001261062,0,0,0.00E+00,0,0,0,0,9.24E-05,0,0,0,0,0.008670858,0,0,0,0,0,0,0,10,
230,61,17-Nov,13,8,DEL4,Four,Ung,4,0,0.00014908,0,0,0,9.09E-05,0,5.26E-05,0.000115441,0,0,0,0,0.000117711,0,0,0,0.000304905,1.94E-05,0,9.51E-05,0,0,0,0,0.001865255,0,0,6.54E-05,0,0,1.74E-05,0,0.000218918,0,0,0,0,0,0,0,0,0,0,0.005370318,0.000158095,0.030686846,0,0,0,0,0,0,0,15,
231,64,17-Nov,17,6,DEL4,Four,Ung,11,0,3.36E-05,0,0,0,0,0,0,0.00025963,0,0,0,0,0,0,0,0,0.000149283,5.21E-05,5.73E-05,0,0,0,0,0,0,0,0,0,0,0,0,0,0.000326037,0,0,0,0,0,0,0,5.59E-06,0,0,0.007209972,0,0,0,0,0,0,0,0,0,8,
232,92,20-Nov,4,6,DEL4,Four,Ung,14,0,8.11E-05,0,0,0,0.000167233,0,8.23E-05,0.000436545,0,0,0,3.20E-05,0,0,0,0.000103156,0,0,0,0.00020003,0,0,0,0,0.003372177,0,0,0,0,0,0.000383812,0,0,0,0,0,0,0.00063788,0,0,0,0,0,0,0.000855329,0.078476272,0,0,0,0,0,0,0,12,
233,96,20-Nov,8,8,DEL4,Four,Ung,12,0,0.000116742,0,0,0,0,0,9.31E-05,0,0,0,0,0,0,0,0,0,0,0,0,0,0,0,0.0031245,0,0,0,0,0,0,0,0.000304901,0,0,0,0.000102744,0,0,3.71E-05,0,0,0,0,0,0,0.000513091,0,0,0,0.000254314,0,0,0,0,8,
234,115,30-Nov,5,10,DEL4,Four,Ung,9,0.000871877,0.000150201,0,0,0.001004309,0,0,4.49E-05,0,0,0.001364235,0,5.57E-05,0.000124359,0.00112134,0,0,0.000618447,0.005413323,0,7.59E-05,0,0,0,0,0.001506388,0,0,0,0.000269606,0,0,0,0.002010817,0,0,0.00E+00,0.000448083,0,0,0,8.57E-05,0,0,0,0.00074195,0.026909601,0,0,0.000172108,0,0,0,0,19,
235,203,13-Jan,10,6,DEL4,Four,Ung,30,0.00031048,6.10E-05,0,0.000489181,0.001156258,0,0,0,0,0,0,0,9.65E-05,0,0,0,0,0.000577129,0,0,0.000382849,0,0,0.005309502,0.091355112,0.006441235,2.73E-05,0.007857403,0,0,0,0.001421713,0,0.000144152,0.000294693,0,0,0,0,0,0,0,0,0,0,0.000304542,0.131501399,0,7.81E-05,6.11E-05,0,0,0,0,19,
236,214,14-Jan,4,6,DEL4,Four,Ung,32,0.000470055,0.000190465,0,0,0,0,0,0,0,0,0,0,0.00018941,0,0,0,0,0,0,0,0,0,0,0,0,0,0,0,0,0,0,0,0,0,0,0.000542597,0,0,0,0,0,0,0,0,0,0,0,0,0,0,0,0,0,0,4,
237,215,14-Jan,5,9,DEL4,Four,Ung,28,0.000351784,0.000138613,0,0.000496131,0,0.000176922,0,0,0.000356216,4.55E-05,0,2.19E-05,7.84E-05,0,8.06E-05,0,0.000172427,0.000713794,0,3.36E-05,0.00063768,0,0,0,0,0.0059596,0,0,0.000364936,0,0,1.02E-05,0,0,0,0.000953961,0,0.000434584,0,0.000145096,0,1.98E-05,0,0,0,0.000617627,0.114168865,0,0.000140119,0,0,0,0,0,23,
238,218,14-Jan,8,6,DEL4,Four,Ung,31,0.000546471,0.000102816,0,0,0.000570959,0,0,0,0,0.000169072,0,0,0.000101958,0,0,0,0,0.000240023,0,0,0,0,0,0,0,0.00E+00,0,0,0,0,0,0.000329206,0,0,0,0.000521477,0,0,0,0,0,0,0,0,0,0,0.00060222,0,0,5.15E-05,0,0,0,0,10,
239,274,22-Jan,13,6,DEL4,Four,Ung,29,0,0.000409902,0,0.000659708,0,0.000233742,0,7.40E-05,0,0,0,0,0,0,0,0,0.000166742,0.000746767,0,0,0.000639514,0,0,0,0,0,0,0,0.000718189,0,6.19E-05,0.000758052,0,0,0,0.0003409,0,0,0,0.000161523,0,4.56E-05,0,0,0,0.002891005,0.13592611,0.000128441,0,0,0,0,0,0,16,
240,307,2-Feb,8,6,DEL4,Four,Ung,37,0.000856237,0.000141908,0,0.000264153,0.00054405,0,0.000101369,0,0.000423704,0.000520388,0,0,0,0,0,0.000222242,0,0.00065887,0.000150838,9.80E-06,0.000559435,0,0,0,0,0.004963236,0,0,0.000142258,0,0,0.000121254,0,0,0,0,0,0,3.13E-05,0,0,4.65E-05,0,0,0,0.000750998,0.074171801,0,0,0,0,0,0,0,19,
241,63,17-Nov,16,6,DEM,Four,Ung,13,0,0.000117309,0,9.58E-05,0,0,0,0,0.000450135,0,0,0,0,3.84E-05,0,0,0,0.000548317,7.83E-05,6.26E-05,0.000220263,0,0,0.000312031,0.017113485,0.003141861,0,0,0,0,0,0,0,0.000490184,0,0,0.000181304,0,0,0,0,2.45E-05,0,0,0.009304785,0.000118725,0.055958325,0,0,0,0,0,0,0,17,
242,86,18-Nov,18,8,DEM,Four,Ung,8,0.000588232,0.000143472,0,0,0,0,0,0,0,0,0,0,0.00E+00,0,0,0,0,0.000282264,0,0,0.000122704,0,0,0.00139559,0.012753679,0.002090079,0,0,2.23E-06,0,1.20E-06,0,0,0,0,0.000178779,7.61E-05,0,0,0,0,0,0,0,0,0.000371718,0.060844068,0,0,4.67E-05,0,0,0,0,14,
243,104,20-Nov,16,6,DEM,Four,Ung,10,0,5.08E-05,0,0.000375157,0,0,0,0,0.000741397,0,0,0,0,0,0,0,0.002132126,0.002896761,0,8.51E-05,0,0,0,0.004714566,0.243664606,0.003703635,0,0,0,0,0,0.000357218,0,0,0,0,0.000755132,0,0,8.05E-05,0,0,0,0,0.001539186,0.000452209,0.106839752,0,0,9.46E-05,0,0,0,0,16,
244,109,20-Nov,21,7,DEM,Four,Ung,11,0,6.12E-05,0,2.01E-05,0,0,0,0,0,3.02E-05,0,0,0,0,0,0,0,0,0,0,5.63E-05,0,0,0.00162249,0.019002006,0.002690435,0,0,0,0,0,0.000195601,0,0,0,0,0.000773629,0,0,0,0,0,0,0,0.000510557,0.000159819,0.069096073,0,0,0,0,0,0,0,12,
245,117,30-Nov,7,7,DEM,Four,Ung,14,0.001098837,0.000203414,0,0.000116265,0.001456622,0.000250201,0.00020821,0.001009565,0,0.000934905,0.00187439,0,0.00E+00,0.000856182,0.000445386,0,0.000303053,0.000736217,0.008047246,1.81E-05,0.00016943,0.000107054,0,0.006333216,0.117468633,0.003091106,0.000727099,0,0.00053031,0.000359361,0,0.002547031,0.000682761,0.002578178,0,0.001548923,0.000615329,0,0,0,0,9.69E-05,0,0,0,0.010943364,0.047525299,0,6.48E-05,0.00100567,0,0,0,0,33,
246,199,13-Jan,6,6,DEM,Four,Ung,42,0.000333337,0.000149554,0,0.000370353,0.000956685,0,0,0,0,0,0,0,0.000240409,0,0,0,0,0.000481312,0,0,0.000332776,0,0,0.000437603,0.010474263,0.003101699,0,0,0,0,0,0,0,0.000169845,0,0.000651951,0.000373535,0,0,0,0,0,0,0,0.001143936,0,0.081771342,0,0,0,0,0,0,0,15,
247,200,13-Jan,7,7,DEM,Four,Ung,28,0.000107847,7.13E-05,0,0.00020972,0.000338602,3.23E-05,0,4.53E-05,0.004196545,0,0,0,0.00E+00,0,0,0,0,0.000895215,0.000192685,0.000431976,0.000177298,0,0,0.000370738,0,0.003432293,0,0,3.91E-05,0.000431012,3.44E-05,0.000304064,0,0.000962284,0,0,0.000153511,0,0,0,0,0.000161588,0,0.000242724,0,0.000485445,0.042963789,0,0,0,0,0,0,0,23,
248,217,14-Jan,7,6,DEM,Four,Ung,40,0.00011399,0.00016324,8.03E-06,0.000650664,0,0,0,0,0.001047274,0,0,0,0,0,0,0,0,0.000916224,0,8.16E-05,0.000951313,0,0,0.000395897,0,0.006296311,0,0,0,0,0,0,0,0.000565236,0,0.000337264,0.000236032,0,0,9.63E-05,0,2.75E-05,0,0,0.00109139,0,0.102388093,0,0.00012594,0,0,0,0,0,18,
249,231,15-Jan,3,6,DEM,Four,Ung,39,0,0.000204195,0,0.000237347,0,0,0,0,0,0,0,0,0,0,0,0,2.54E-05,0.000314866,0,2.01E-05,0.000236012,0,0,0.000516299,0,0.003167677,0,0,0,0,0,0,0,0,0,9.84E-05,0,0,0,0,0,0,0,0,0.001658153,0,0.049553781,0,0,7.52E-05,0,0,0,0,12,
250,235,15-Jan,7,7,DEM,Four,Ung,41,0,0.000190064,2.24E-05,0.000407097,0,0,0,0,0.001058799,0,0,0,0,0,0,0,0.000102806,0.000936773,0,8.85E-05,0.000446352,0,0,0.000792761,0,0.004718124,0,0.019366519,0.000195807,0.000515388,0,0,0,0.000877574,0,0,0,0,0,6.43E-05,0,0,0,0,0,0.000976592,0.075491746,0,0.00075846,7.94E-05,0,0,0,0,19,
251,238,15-Jan,10,7,DEM,Four,Ung,33,0,0.00019201,0,0.000133775,0,0,0,2.82E-05,0,0,0,0,0,0,0,0,0,0.000261835,0,0,0.000157002,0,0,0.0023488,0.043941758,0.002016459,0,0,0.000160758,0,0,0.00078421,0,0,0.001112657,0.000921014,0.00061757,0,0,0,0,0,0,0,0.000760975,0.000491726,0.039293762,0,4.41E-05,0.000406695,0,0,0,0,18,
252,254,20-Jan,9,7,DEM,Four,Ung,32,0,0.000593423,0,0.00111461,0.000706246,0.000107928,0,8.26E-05,0,0,2.25E-05,0,0,0,0,0,0,0.001295273,0,0,0.001879109,0,0,0.000410607,0,0.010328643,5.01E-05,0,0.000360436,0,0,0.000667464,0,0.000316381,0,0.005404146,0.001929372,0.0017728,3.71E-05,0,0,1.59E-05,0,0,0,0.001065147,0.247336034,0,0,0.00012959,0.000583727,0,0,0,23,
253,273,22-Jan,12,8,DEM,Four,Ung,37,0,0.000220054,0,0.000371679,0,0,0,3.85E-05,0,0,0,0,0,0,0,0,3.05E-05,0.000590146,0,0,0.000465667,0,0,0.000307763,0,0.004839199,0,0,0,0,0,0.000146947,0,0,0,0.000265226,0,0.000435372,6.53E-05,0.000166167,0,0,0,0,0,0.00109871,0.111513286,0,0,5.01E-06,0.000177149,0,0,0,17,
254,276,22-Jan,15,6,DEM,Four,Ung,38,0,0.000296753,0,0.000493657,0,0,0,0,0,0,0,0,0,0,0,0,9.64E-05,0.000980627,0,0,0.000864538,0,0,0.000465047,0.025463475,0.008594206,0,0,0,0,0,8.01E-05,0,0,0,0.000647215,0,0.002298076,0,0,0,6.86E-05,0,0,0,0,0.22794609,0.000224477,0.000124419,2.45E-05,0,0,0,0,16,
255,295,29-Jan,2,8,DEM,Four,Ung,34,0.000696054,0.000103114,0,0.000601091,0,0.000406899,0,0.00014458,0,0,0,0,0,0,0,0,0.000134703,0.00081858,0,0,0.00127978,0,0,0.000276608,0,0.007240189,0,0,0.000466295,0,0,0.000309758,0,0,0,0.000317186,0,0.000922838,0,0,0,0,0,0,0.001227949,0.001953539,0.178248348,0,0,0.000122504,0.000365384,0.000114853,0,0,20,
256,5,13-Nov,8,7,MCK,Four,Ung,8,0,0,0,0,0,0,0,0,5.70E-05,0,0,0,0,0,0,0,0,0,0,1.26E-05,0,0,0,0,0,0.000642428,0,0,0,9.69E-05,0,0,0,0,0,0,0,0,0,0,0,0,0,0,0,0,0.018305647,0,0,0,0,0,0,0,5,
257,11,13-Nov,15,7,MCK,Four,Ung,4,0,0,0,0,0,0,0,0,0.000627075,0,0,0,0,0,0,0,0,0,0,7.34E-05,2.59E-05,0,0,0,0,0.001956943,0,0,0,0,5.52E-05,0,0,0,0,0,0,0,0,0,0,0,0,0,0,0.000578302,0.03028679,0,0,0.000204004,0,0,0,0,8,
258,33,15-Nov,2,9,MCK,Four,Ung,10,0,0.000121073,0,0,0,0,0,0,0,0,0,0,0,0,0,0,0,0.00012755,0,1.62E-05,3.78E-05,0,0,0,0,0.000841942,0,0,0,0,0,4.92E-05,0,0,0,0.000162477,0,0,0,0,0,0,0,0,0,0,0.019576292,0,0,0,0,0,0,0,8,
259,60,17-Nov,12,8,MCK,Four,Ung,9,0,0,0,0,0,0,0,0,0.000226069,0.000361358,0,0,0,0,0,0,0,0.000331464,1.96E-05,1.30E-05,0,0,0,0,0,0,0,0,0,3.70E-05,0,0,0,0.000599529,0,0,0,0,0,0,0,2.47E-05,0,0,0,0,1.03E-05,0,0,0,0,0,0,0,9,
260,62,17-Nov,15,7,MCK,Four,Ung,13,0,0,0,0,0,0.000170653,0,0,0,0,0,0,0,0,0,0,2.22E-05,0.000313958,0,0,4.85E-06,0,0,0,0,0.001343558,0,0,3.60E-05,0,3.75E-05,0,0,0.000277161,0,0,0,9.69E-05,0,0,0,0,0,0,0,0.000428499,0.021856992,0,0,0,0,0,0,0,11,
261,91,20-Nov,3,6,MCK,Four,Ung,7,0,6.71E-05,0,0,0,0,0,0,0,0,0,0,1.01E-05,0,0,0,0,0,0,0,0,0,0,0,0,0.001809104,0,0,0,0,0.000165858,0.000135913,0,0,0,0.000423724,0,0,0.000150294,0,0,0,0,0,0,0.000239443,0.049709867,0,0,0,0,0,0,0,9,
262,97,20-Nov,9,6,MCK,Four,Ung,11,0,0,0,0,0,0,0,0,0,0,0,0,7.42E-05,0,0,0,0,0,0,5.23E-05,0,0,0,0,0,0,0,0,0,0,0,0,0,0,0,0,0,0,0,0,0,0,0,0,0,0,0,0,0,0,0,0,0,0,2,
263,167,15-Dec,2,7,MCK,Four,Ung,23,0,0.000245297,0,0,0,0,0,0,0,0,0.000200424,0,5.26E-05,0,0,0,0,0.000209954,0,0,0,0,0,0,0,0.001469951,0,0,0,0,0,0,0,0,0,0.000315619,0,0.000539754,0,0,0,0,0,0,0,0,0.024197397,0,0,0,0,0,0,0,8,
264,173,19-Dec,5,7,MCK,Four,Ung,25,0.000646821,0.000218816,0,0.000606818,0,0,0,0,0,0,0,0,0,0,0,0,0,0.001058866,0,0,0.000616405,0,0,0,0,0.007740293,0,0,0,0,0,0,0,0,0,0,0.000884779,0.001388093,0,0,0,3.05E-05,0,0,0,0,0.199054197,0,4.50E-05,0,0,8.04E-05,0,0,12,
265,202,13-Jan,9,6,MCK,Four,Ung,27,0.000183429,0.000126137,0,0,0.001869084,0,0,0,0,0,0,0,0.000128597,0,0,0,0,0,3.26E-05,0,0,0,0,0,0,0,0,0,0,0,0,0,0,6.60E-05,0,0,0,0,0,0,0,0,0,0,0,0,9.63E-05,0,0,0,0,0,0,0,7,
266,213,14-Jan,3,6,MCK,Four,Ung,35,0.000199136,1.16E-05,0,7.62E-05,0,0,0,0,0,0,0,0,1.97E-05,0,0,0,0,0.000176774,0,0,7.35E-05,0,0,0,0,0.001910255,0,0,0,0,0,0,0,0,0,0.00078166,0,0.000182599,0,0,0,0,0,0,0,0,0.02574148,0,0,0,0,0,0,0,10,
267,223,14-Jan,13,9,MCK,Four,Ung,34,0.000536101,2.65E-05,0,0,0,0,0,0,0,0,0,0,8.44E-05,0,0,0,0,5.61E-05,0,0,4.27E-05,0,0,0,0,0.001033193,0,0,0,0,0,4.75E-05,0,0,6.04E-05,0,0,0,0,0,0,0,0,0,0,0.000111376,0.010211681,0,0,0,0,0,0,0,10,
268,257,20-Jan,12,8,MCK,Four,Ung,33,0,8.48E-05,0,0.000766267,0.000348677,0,0,0,0,0,0,0,0,0,0,0,0,0.00057443,0,0,0.000489294,0,0,0,0,0.005949912,0,0.010014301,0,0,0,0.000115538,0.00063673,0,0,0,0.000630692,0.000602631,0,4.46E-06,0,0,0,0,0,0.000595262,0.112695294,0,0.000265386,5.08E-05,0,0,0,0,16,
269,269,22-Jan,8,6,MCK,Four,Ung,36,0,0,0,1.27E-05,0,0.000195874,0,5.61E-05,0,0,0,0,0,0,0,0,0.000125475,0,0,0,0.000204093,0,0,0,0,0.00284635,0,0,0.000341805,0,7.64E-05,0.000187394,0,0,0,0.00030922,0,0.00052461,6.29E-05,0,0,0.000105089,0,0,0,0.001036445,0.058402484,0,0,0.000115423,0,0,0,0,16,
270,296,29-Jan,3,6,MCK,Four,Ung,46,0.000495989,0,0,0,0,4.56E-05,0,0.000101196,0,0,0,0,0,0,0,0,9.09E-05,0,0,0,0,0,0,0,0,0.000538995,0,0,0.00018787,0,0,0.000390257,0,0,0,0,0.000862125,0,0,0,0,0,0,0,0,0.000882062,0.004652966,0,0.000615453,3.67E-05,0,0,0,0,12,