Order,Run.Num,Run.Date,Run.Plant,Flower number,Avg mass,Total.mass,Site.Type,Site,Species,Plant,er.1 hexanol,er.2-amino phenyl ethenone,er.2-phenyl ethanol,"er.2,6-dimethyl-1,3,5,7 octatetraene (trans)",er.6-methyl-5-hepten-2-one,er.alloaromadendrene,er.alpha bergamotene,er.alpha humulene,er.alpha pinene,er.alpha terpineol,er.alpha terpinene,er.alpha terpinolene,er.benzyl acetate,er.benzyl alcohol,er.beta cadinene,er.beta farnesene,er.beta longipinene,er.beta myrcene,er.beta phellandrene,er.beta pinene,er.borneol,er.caryophyllene oxide,er.cinnamic alcohol,er.cis 3 hexen 1 ol,er.cis 3 hexenyl acetate,er.cis beta ocimene,er.cis jasmone,er.DMNT,er.gamma cadinene,er.gamma terpinene,er.geraniol,er.germacrene D,er.intermedeol,er.limonene,er.linalool,er.methyl nicotinate,er.methyl salicylate,er.myroxide,er.unknown C15H24.3,er.para cymene,er.patchoulane,er.sabinene,er.sabinene hydrate,er.terpinen-4-ol,er.trans 2 hexen 1 ol,er.trans beta caryophyllene,er.trans beta ocimene,er.trans cinnamic aldehyde,er.trans DMNT,er.trans trans alpha farnesene,er.unknown C15H24,er.unknown C15H24.2,er.veratrole,er.verbenone
1,55,17-Nov,6,6,0.09565,0.5739,One,GUL,Cyl,4,0,0,0,0,0,0,0.005278571,0.000140163,0,0,0,0,0,0,0.012230064,0,0.003987339,0,0,0,0,0,0,0.003338532,0,0.004780424,0,0,0,0,0,0,0.038281626,0.006096976,0,0,0,0,0.002273753,0,0,0,0,0,0.104242849,0.004724562,0.153781392,0,0,0,0,0,0,0
2,56,17-Nov,8,7,0.09565,0.66955,One,GUL,Cyl,5,0,0,0,0,0,0,0,0,0,0,0,0,0,0,0.01381985,0,0.003374443,0,0,0,0,0,0,0.003757043,0,0,0,0,0,0,0,0,0.052329001,0,0,0,0,0,0.001562403,0,0,0,0,0,0.084327484,0.002603364,0,0,0,0,0,0,0,0
3,105,20-Nov,17,8,0.09565,0.7652,One,GUL,Cyl,3,0,0,0,0,0,0,0,0.001923657,0,0,0,0,0,0,0.009836784,0,0.003967102,0,0,0,0,0,0,0,0,0,0,0,0,0,0,0,0.011122915,0,0,0,0,0,0.002797464,0,0,0,0,0,0,0.02230242,0,0,0,0,0,0,0,0
4,124,30-Nov,14,11,0.09565,1.05215,One,GUL,Cyl,6,0.005369831,0,0,0,0.012081202,0,0,0,0,0.000629358,0.012458138,0,0,0.00557381,0.021037277,0,0,0,0.053066997,0,0,0,0,0.001306379,0,0,0,0,0,0,0,0.006592473,0.091447206,0.015434973,0,0,0,0,0.003813048,0,0,0,0,0,0,0,0,0.000194946,0,0,0,0,0,0
5,134,1-Dec,2,10,0.09565,0.9565,One,GUL,Cyl,9,0,0,0,0,0,0,0,0,0,0,0,0,0,0,0.02341974,0.000386538,0.006635946,0,0,0,0,0,0,0.002819164,0,0.005318153,0,0,0,0,6.55E-05,0,0.075752204,0.011900611,0,0,0,0.00231286,0.00662977,0,0,0,0,0,0,0.001140865,0.095851069,0,0,0,0,0.000622926,0,0
6,155,6-Dec,8,7,0.09565,0.66955,One,GUL,Cyl,1,0.008421279,0,0,0,0,0,0,0,0,0,0,0,0,0.01214201,0.025937403,0,0.006368955,0,0,0,0,0,0,0.005538627,0,0,0,0,0,0,0,0,0.050949269,0,0,0,0,0,0.006645177,0,0,0,0,0,0.011974197,0.002644043,0,0,0,0,0,0,0,0
7,157,6-Dec,10,10,0.09565,0.9565,One,GUL,Cyl,11,0.005489304,0,0,0,0,0,0,0,0,3.82E-05,0,0,0,0.011490711,0.017350776,0,0.003141146,0,0,0,0,0,0,0.01157005,0,0,0.000648346,0,0,0,0,0,0.035749374,0,0,0,0,0,0.005150877,0,0,0,0,0,0.009330592,0,0,0,0,0,0,0.000569705,0,0
8,169,15-Dec,4,7,0.09565,0.66955,One,GUL,Cyl,12,0,0,0,0,0,0,0,0,0,0,0.00187261,0,0,0.009413634,0.019906644,0,0,0,0,0,0,0,0,0.00837082,0,0.002647115,0,0,0,0,0,0,0.038906511,0,0,0,0,0,0.002325046,0,0,0,0,0,0.015127893,0,0.033112801,0,0,0,0,0,0,0
9,178,12-Jan,5,13,0.09565,1.24345,One,GUL,Cyl,20,0,0,0,0.000625908,0,0.001237983,0,0.00101208,0,0.001252844,0,0,0.002521624,0,0.019032363,0,0.005105699,0,0,0,0,0,0,0,0,0.002766329,0,0,0,0,0,0,0.048625584,0,0,0,0,0.006099736,0.007059588,0,0,0,0,0,0.006723945,0.013243964,0.057296052,0,0,0,0,0.003267394,0.000845853,0
10,252,20-Jan,7,7,0.09565,0.66955,One,GUL,Cyl,29,0,0,0,0,0.005268405,0.001322836,0,0,0,0,0.000215974,0,0,0,0.022794032,0,0.00931485,0,0,0,0,0,0,0.019543779,0,0,0,0,0,0,0,0,0.120074719,0.001585512,0,0,0,0,0.008864969,0,0,0,0,0,0.006023705,0,0,0.001849783,0,0,0,0.000819153,0,0
11,261,20-Jan,16,7,0.09565,0.66955,One,GUL,Cyl,33,0,0,0,0,0.008943088,0.001669695,0.006091524,0.001040284,0,0,0,0,0,0,0.050088171,0,0.016521133,0,0,0,0,0.000411494,0,0.005097666,0,0,0,0,0.000875383,0,0,0,0.119539434,0.004538688,0,0,0,0,0.008783807,0,0,0,0,0,0.018733885,0.021770205,0,0.002095238,0,0,0,0.002203564,0,0
12,268,22-Jan,6,7,0.09565,0.66955,One,GUL,Cyl,28,0,0,0,0,0,0.000645604,0,0,0,0,0,0,0,0,0.024152617,0,0.007228901,0,0,0,0,0,0,0.015187058,0,0,0,0,0,0,0,0.007198988,0.128444797,0,0,0,0,0,0.004554248,0,0,0,0,0,0,0.003394947,0.028619117,0.002933603,0,0,0,0.002014693,0.000233903,0
13,297,29-Jan,4,9,0.09565,0.86085,One,GUL,Cyl,34,0.007576661,0.000665138,0,0,0,0.000977053,0.007802656,0.003646551,0,0,0,0,0,0,0.043370166,0,0.010452389,0,0,0,0,0.001517198,0,0,0,0.011973608,0.002420715,0,0,0,0,0,0.12372297,0,0.001504141,0,0,0,0.008122802,0,0,0,0,0,0,0.038395888,0.029940921,0,0,0.003888499,0,0.002509403,0.000834968,0
14,301,29-Jan,8,8,0.09565,0.7652,One,GUL,Cyl,35,0,0,0,0.000318658,0,0.00085013,0,0.000564166,0,0,0,0,0,0,0.033452988,0,0.008924483,0,0,0,0,0,0.000112622,0,0,0.004705455,0,0,0.000564482,0,0,0,0.083601941,0,0,0,0,0.002616867,0.006608929,0,0,0,0,0,0.010689433,0.01464524,0.077956403,0,0,0,0,0.000610391,0,0
15,302,29-Jan,9,9,0.09565,0.86085,One,GUL,Cyl,30,0,0,0,0,0,0.001011868,0.000630808,4.10E-05,0,0,0,0,0,0,0.030931312,0,0.008437612,0,0,0,0,0,0,0.005811563,0,0.001971016,0,0,0,0,0,0,0.079223616,0,0.000693543,0,0,0,0.006213865,0,0,0,0,0,0,0.006917155,0.03396516,0,0,0.001646932,0,0.001873183,0,0
16,3,13-Nov,3,9,0.09242,0.83178,One,MHG,Cyl,5,0,0,0,0,0,0,0,0,0,0,0,0,0,0,0.011780365,0,0,0,0,0,0,0,0,0,0,0,0,0,0,0,0,0.003982761,0.048646888,0,0,0,0,0,0.002358186,0,0,0,0,0,0,0,0.055990744,0.000294125,0,0,0,0.000135168,0,0
17,13,13-Nov,18,8,0.09242,0.73936,One,MHG,Cyl,2,0,0,0,0,0,0,0,0,0,0,0,0,0.000451854,0,0.011179608,0,0,0,0,0,0,0,0,0.024726019,0,0,0,0,0,0,0,0.004015878,0.067827311,0,0,0,0,0,0.003495191,0,0,0,0,0,0,0,0,0.000837649,0,0,0,0,0,0
18,17,14-Nov,3,7,0.09242,0.64694,One,MHG,Cyl,1,0,0,0,0,0,0,0,0,0,0,0,0,0.000209637,0.005676329,0.011949933,0,0,0,0.000864334,0,0,0,0,0,0,0,0,0,0,0.000580704,0,0.003081723,0.048687086,0,0,0,0,0,0.002839773,0,0,0,0,0,0,0,0,0,0,0,0,0,0,0
19,19,14-Nov,5,7,0.09242,0.64694,One,MHG,Cyl,3,0.009618777,0,0,0,0,0,0.008717583,0,0,0.000797184,0,0,0.000448986,0.008282999,0.012365318,0,0,0,0.001074907,0,0,0,0,0.047630664,0,0,0,0,0,0.000377672,0,0.005834067,0.046630002,0,0,0,0,0,0.004043525,0,0,0,0,0,0.013229915,0,0.031671611,0,0,0,0,0,0.00138403,0
20,43,15-Nov,15,7,0.09242,0.64694,One,MHG,Cyl,6,0,0,0,0,0,0,0,0,0.000133691,0.001938877,0,0,0,0.00358555,0.004588717,0,0.001054219,0.000459374,0,0,0,0,0,0,0,0.003896154,0,0,0,0,0,0,0.023777042,0,0,0,0,0,0.000500437,0,0,0,0,0,0,0,0,0,0,0,0,0,0,0
21,57,17-Nov,9,7,0.09242,0.64694,One,MHG,Cyl,4,0,0,0,0,0,0,0,0,0,0.000641308,0,0,0,0.001225058,0.015985665,0,0.000236913,0.002010864,8.99E-05,0,0,0,0,0,0,0.004633622,0,0,0,0,0,0.0041087,0.048501174,0.003468742,0,0,0,0,0.001744998,0,0,0,0,0,0.100960538,0,0,0,0,0,0,0,0,0
22,135,1-Dec,3,8,0.09242,0.73936,One,MHG,Cyl,12,0,0,0,0,0,0,0,0,0.000125538,0,0,0,0,0.000876745,0.008681964,0,0,0.000912436,0.00016183,0.000130267,0,0,0,0,0,0,0,0,0,0,0,0.003063777,0.011318844,0,0,0,0,0,0.001478191,0,0,0,0,0,0,0,0,0,0,0,0,0,0,0
23,141,1-Dec,11,8,0.09242,0.73936,One,MHG,Cyl,8,0.006762701,0,0,0,0.039782291,0,0,0,0,0,0,0,0.000576217,0.005587954,0.040134076,0.000778535,0.006015586,0.000945343,0.001046484,0,0,0,0,0,0,0.002594263,0.001338324,0,0,0,0,0.002863361,0.089306032,0.015901544,0,0,0,0,0.008899044,0,0,0,0,0,0,0,0,0,0,0,0,0.000668977,3.43E-05,0
24,153,6-Dec,6,7,0.09242,0.64694,One,MHG,Cyl,7,0.003507355,0,0,0,0,0,0.002341904,0,0,0,0,0,0,0.00378387,0.016718017,0,0,0.002189909,0.000208597,0,0,0,0,0,0,0,0,0.070091001,0,0,0,0.004758566,0.019652673,0,0,0,0,0,0.002772211,0,0,0,0,0,0,0,0,0,0,0,0,0,0.000421832,0
25,154,6-Dec,7,10,0.09242,0.9242,One,MHG,Cyl,11,0.006232805,0,0,0,0,0,0,0,0,0.000753184,0,0,0.000854175,0.006895269,0.01152552,0,0,0.002369059,0,0,0,0,0,0,0,0,0,0,0,0,0.012567754,0.004210613,0.040742926,0,0,0,0,0,0.002948241,0,0,0,0,0,0,0,0,0.000117845,0,0,0,0,0,0
26,162,11-Dec,6,10,0.09242,0.9242,One,MHG,Cyl,9,0,0,0,0,0.020925269,0,0,0,0,0,0.000110103,0,0.000549693,0.008832982,0.022999866,0.000206367,0.004147398,0,0,0,0,0,0,0,0,0,0,0,0,0.00067651,0,0.001572265,0.095103462,0,0,0,0,0,0.005253209,0,0,0,0,0,0,0,0,0,0,0,0,0,0,0
27,201,13-Jan,8,6,0.09242,0.55452,One,MHG,Cyl,21,0.008063439,0,0,0,0.016916456,0,0,0,0,0,0,0,0.000864333,0,0.021814062,0,0,0,0.000993059,0,0,0,0,0,0,0,0,0,0,0,0,0.003701889,0.02914176,0.001421992,0,0,0,0,0.00072024,0,0,0,0,0,0.013406808,0,0,0,0,0,0,0,0,0
28,247,20-Jan,2,7,0.09242,0.64694,One,MHG,Cyl,25,0,0,0,0,0.006808921,0,0,0,0,0,0.00010364,0,0,0,0.027837985,0,0.007093913,0.001900621,0,0,0.001377806,0,0,0,0,0.007749555,0,0,0.001413072,0,0,0.005134333,0.046085571,0.003424329,0,0,0,0.009382809,0.003566124,0,0,0.000308237,0,0,0.010382405,0,0,0,0,0,0,0.001660389,0,0
29,283,24-Jan,5,9,0.09242,0.83178,One,MHG,Cyl,29,0,0,0,0,0.011613062,0,0,0,0,0.000234345,0,0,0.00030673,0,0.010972558,0,0.00195298,0.001445795,0.001668761,0,0,0,0,0,0,0.002988233,0,0,0,0,0,0.001314535,0.036514027,0,0,0,0,0,0.002467879,0,0,0,0,0,0,0,0,0.000704058,0,0,0,0,0.000737652,0
30,287,24-Jan,10,9,0.09242,0.83178,One,MHG,Cyl,30,0,0,0,0,0.024838444,0.00248991,0,0,0,0,0,0,0,0,0.062374415,0,0.017910613,0.000919151,0.000687177,0,0,0,0,0.035708626,0,0,0.001382634,0,0,0.000521973,0,0.006869348,0.208395117,0,0.0006949,0,0,0,0.01520812,0,0,0,0,0,0.005747626,0,0,0,0,0,0,0.005374708,0,0
31,31,14-Nov,19,9,0.09665,0.86985,One,SF,Cyl,5,0,0,0,0,0,0,0,0.000827934,0,0,0,0,0,0.002374836,0.012333366,0,0.004701429,0,0.00102263,0,0,0,0,0.010866718,0,0.026391005,0,0,0,0.000826157,0.000546535,0,0.036723704,0,0,0,0,0,0.00387377,0,0,0,0,0,0,0.017628427,0.153021415,0,0,0,0,0,0.001349424,0
32,102,20-Nov,14,7,0.09665,0.67655,One,SF,Cyl,2,0,0,0,0,0,0,0,0,0,0,0,0,0,0.004583815,0.005973282,0,0,0,0,0.000208966,0,0,0,0.016705911,0,0.003655091,0,0,0,0,0.018229638,0,0.026195476,0,0,0,0,0,0,0,0,0,0,0,0.020434873,0.011392744,0.080038732,0,0,0,0,0,0,0
33,112,30-Nov,2,12,0.09665,1.1598,One,SF,Cyl,8,0.00525222,0,0,0,0,0.000674533,0.005220991,0,0,0.002183103,0.010598554,0,0,0.002301132,0.02619716,0,0.006785552,0.001921973,0.047913402,0,0,0,0,0,0,0.002229621,0,0.018445792,0,0.00116862,0,0,0.06081128,0.016771754,0.000852866,0,0,0,0.006963619,0,0,0,0,0,0,0,0.030874333,0,0,0,0,0.000176943,0,0
34,146,1-Dec,17,7,0.09665,0.67655,One,SF,Cyl,7,0,0,0,0,0,0,0,0.000494328,0.000447685,0,0,0,0,0.009204605,0.012348257,0,0,0.001353888,0,0,0,0,0,0,0,0,0,0,0,0,0,0,0.040530125,0.019832381,0,0,0,0,0.004259308,0,0,0,0,0,0,0.011534313,0.037481666,0,0,0,0,0,0,0
35,149,6-Dec,2,6,0.09665,0.5799,One,SF,Cyl,13,0.008043988,0,0,0,0,0,0.00075612,0,0,8.44E-05,0,0,0,0.00991716,0.037242567,0,0.012792264,0.002531296,0,0.000295464,0,0,0,0,0,0,0,0.022306232,0,0,0,0,0.085848954,0,0,0,0,0,0.00859016,0,0,0,0,0,0.014685979,0.001286273,0.05789198,0,0,0,0,0.001166077,0,0
36,150,6-Dec,3,8,0.09665,0.7732,One,SF,Cyl,12,0,0,0,0,0,0,0,0.000525569,0,0,0,0,0,0.004097315,0.01661436,0,0.003141546,0.001510582,0.000171804,0,0,0,0,0,0,0.007606599,0,0.006153108,0,0,0.000262053,0,0.04956383,0,0,0,0,0.000361511,0.003920424,0,0,0,0,0,0.012572952,0.010511677,0.106389304,0,0,0,0,0,0,0
37,156,6-Dec,9,9,0.09665,0.86985,One,SF,Cyl,11,0.00392131,0,0,0,0,0,0,0.000114736,0,0,0,0,0,0.000536399,0.019945519,0,0.006341435,0.001109747,0.001205334,0,0.000353258,0,0,0,0,0.008970618,0.000276083,0.009430772,0,0,0.000134864,0,0.026332595,0,0,0,0,0.000890484,0.004176285,0,0,0,0,0,0,0.005376171,0.117561264,0,0,0,0,0.000323922,0,0
38,170,15-Dec,5,6,0.09665,0.5799,One,SF,Cyl,10,0,0,0,0,0,0,0,0.000436849,0,0,0.002282169,0,0,0.018039601,0.05033531,0.000799602,0.011124078,0.001980952,0,0,0,0,0,0.014026976,0,0.006863822,0,0.028744526,0,0,0.000290393,0,0.115022254,0,0,0,0,0,0.007553369,0,0,0,0,0,0.023178631,0.014235604,0.099614135,0.000181178,0,0,0,0.000517972,0,0
39,183,12-Jan,10,11,0.09665,1.06315,One,SF,Cyl,27,0,0,0,0,0,0.00059881,0,4.27E-05,0,0.000319193,0,0,0,0,0.022876042,0,0.006977783,0.001052107,0,0.000110473,0,0,0,0,0,0.001749595,0,0.024087945,0,0,0,0,0.035240052,0,0,0,0,0,0,0,0,0.000191763,0,0,0,0.002433941,0.035212751,0,0,0,0,0.001498283,0,0
40,187,12-Jan,15,8,0.09665,0.7732,One,SF,Cyl,21,0,0,0,0,0,0.001767856,0,0.000570034,0,0,0,0,0,0,0.03192178,0,0.012142862,0.00273876,0,0,0,0,0,0,0,0.003649371,0,0.009921177,0,0,0,0,0.086795675,0,0,0,0.064820561,0,0,0,0,0,0,0,0.03732824,0.011980246,0.06523187,0.002983813,0,0,0,0.003417273,0.000991421,0
41,188,12-Jan,16,7,0.09665,0.67655,One,SF,Cyl,29,0,0,0,0,0,0.001110751,0,0,0,0.000405966,0,0,0,0,0.019555654,0,0.007912247,0,0,0,0,0,0,0,0,0.004200477,0.002161687,0,0,0,0.000662908,0,0.079858747,0,0,0,0,0,0.00745193,0,0,0,0,0,0.023310859,0.003804642,0.070887706,0.000747346,0,0.00E+00,0,0,0.000413577,0
42,195,13-Jan,2,6,0.09665,0.5799,One,SF,Cyl,23,0.005574759,0,0,0,0.004881706,0,0,0,0,0,0,0,0,0,0.02095545,0,0.005248513,0,0.000349342,0,0,0,0,0,0,0,0,0,0,0,0,0,0.040331684,0.000677769,0,0,0,0,0,0,0,0,0,0,0.014044261,0,0,0,0,0,0,0,0,0
43,196,13-Jan,3,7,0.09665,0.67655,One,SF,Cyl,28,0.001656425,0,0,0,0.005132996,0.000301981,0.00117085,0,0,0,0,0,0,0,0.021579623,0,0.00350525,0.000175603,0.000228659,0,0,0,0,0,0,0,0,0,0,0,0,0,0.077862374,0.001657236,0,0,0,0,0.004333023,0,0,0,0,0,0,0,0.021892823,0,0,0,0,0.000855322,0,0
44,207,13-Jan,14,6,0.09665,0.5799,One,SF,Cyl,25,0.00616529,0,0,0,0.018092107,0,0,0,0,0,0,0,0.00219438,0,0.022117175,0,0.002507093,0.000352519,0.001245104,0,0,0,0,0,0.009203528,0.005689517,0,0.026437567,0,0,0,0,0.045916508,0.001690728,0,0,0,0,0,0,0,0,0,0,0.012942056,0,0.124474294,0,0,0,0,5.58E-05,0.002588568,0
45,285,24-Jan,8,7,0.09665,0.67655,One,SF,Cyl,43,0,0,0,0,0.015705581,0.00181654,0,0.00014217,0,0,0,0,0,0,0.04369203,0,0.011504095,0,0.000476654,0,0,0,0,0.032810731,0,0.002797632,0,0.004569506,0,0,0,0,0.126404942,0,0,0,0,0.003846549,0.010072069,0,0,0,0,0,0,0.008411021,0.048999786,0.000364085,0,0,0,0.004583576,0,0
46,18,14-Nov,4,6,0.148845,0.89307,Two,DVT,Cyl,3,0,0,0,0,0,0,0,0.000797798,0,0,0,0,0,0.005467149,0.0046199,0,0.000249209,0,0.000646538,0,0,0,0,0,0,0.003236532,0,0,0,0,0,0,0.023963658,0,0,0,0.009190987,0.00340625,0.000301914,0,0,0,0,0,0,0,0.089897939,0.000414402,0,0,0,0,0.002533303,0
47,68,17-Nov,21,6,0.148845,0.89307,Two,DVT,Cyl,2,0,0,0,0,0.020883328,0,0.000738605,0,0,0,0,0,0,0.003342096,0.00274276,0,0,0,0,0,0,0,0,0,0,0,0,0,0,0,0,0.000818719,0.007112426,0.00220476,0,0,0,0,0.000318541,0,0,0,0,0,0.023931497,0,0,0,0,0,0,0,0.000326685,0
48,76,18-Nov,7,7,0.148845,1.041915,Two,DVT,Cyl,9,0,0,0,0,0,0,0,0.000446442,0,0,0,0,0,0.00353755,0.004013247,0,0.000661178,0.005956956,0,0,0,0.000224524,0,0,0,0.000804037,0,0.011168452,0,0,0.001251866,0.000969176,0.005209875,0,0,0,0.002889816,0,0.001842829,0,0,0,0,0,0,0,0.015844331,0,0,0,0,0,0.001447058,0
49,119,30-Nov,9,13,0.148845,1.934985,Two,DVT,Cyl,10,0.002533242,0,0,0,0.007048523,0,0.001144148,0,0,0.000124914,0.006825282,0,0,0.017653798,0.00240322,0,0.001115338,0.002057539,0.028959655,0,0,0,0,0.012500435,0,0,0,0.011932624,0,0.000555639,0,0,0.006816685,0.011035189,0,0,0.005232048,0,0,0,0,0.000445844,0,0,0.00526212,0,0,0.000663956,0,0.000318134,0,0,0.004661536,0
50,144,1-Dec,14,6,0.148845,0.89307,Two,DVT,Cyl,11,0,0,0,0,0,0,0.001452153,0,0.000193951,0,0,0,0,0.009868709,0.000289287,0,0,0.001360785,0.000743049,0,0,0,0,0.045765872,0,0,0,0,0,0,0,0,0.002387859,0.012462836,0,0,0,0,0,0,0.001372829,9.27E-05,0,0,0,0,0,0,0,0,0,0,0.001165101,0
51,145,1-Dec,15,12,0.148845,1.78614,Two,DVT,Cyl,8,0,0,0,0,0,0,0,0.000713456,0,0,0,0,0,0.013105002,0.00342108,0,0,0.000193,0.000252788,0,0,0,0,0,0,0,0,0,0,0,0,0.000895084,0.006138937,0.004574428,0,0,0.001213133,0,0.000652673,0,0,0,0,0,0,0,0,0,0,0,0,0,0.001427195,0
52,163,11-Dec,7,8,0.148845,1.19076,Two,DVT,Cyl,7,0,0,0,0,0,0,0,0.016237126,0,0.000333991,0.00015979,0,0.00014781,0.036640193,0.000629674,0,0,0,0,6.23E-05,0,0.004046789,0,0,0,0.001149843,0,0,0,0.000352013,0.01849963,0,0.004305716,0,0.000145191,0,0.002205724,0,0.000279877,0,0,0,0,0,0.006539094,0.143228222,0.011471028,5.56E-05,0,0.000410484,0,0,0.002967487,0
53,184,12-Jan,11,11,0.148845,1.637295,Two,DVT,Cyl,30,0,0,0,0.000535356,0,0.000574449,0.00424367,0.001234933,0,0,0,0,0,0,0.012414132,0,0.003540773,0.002106962,0,0,0,9.77E-06,0,0,0,0.003465968,3.33E-05,0.022291963,0,0,0.008720318,0.001143595,0.02854802,0,0,0,0,0,0.003265145,0,0,3.31E-05,0,0,0.005135394,0.013939678,0.092112123,0,0,8.87E-05,0,0.001865038,0.004177995,0
54,189,12-Jan,17,8,0.148845,1.19076,Two,DVT,Cyl,22,0,0,7.89E-05,0,0,0,0.002486541,0.006471108,0,0.001307219,0,0,0.001885487,0.040403609,0.005462579,0,0,0.001891346,0,0,0,0.000689394,0,0,0,0.001430495,0,0.015762615,0,0,0.052632404,0.006179992,0.012745607,0,0,0,0,0,0.000499039,0,0,0,0,0,0.021612182,0.049413255,0,0.004740289,0,0.001763173,0,0,0.002933676,0
55,197,13-Jan,4,6,0.148845,0.89307,Two,DVT,Cyl,31,0.003478661,0,0,0,0.021212615,0,0,0,0,0,0,0,9.30E-05,0.012352848,0.004467397,0,0,0.003821443,0.000202841,0,0,0,0,0,0,0,0,0.005742173,0,0,0,0.001697182,0.016577553,0.001407345,0,0,0,0,0.00070462,0,0,0,0,0,0.008491662,0,0.012912844,0,0,0,0,0,0.001889633,0
56,224,14-Jan,14,6,0.148845,0.89307,Two,DVT,Cyl,29,0.00216327,0,0,0,0.004560138,0,0.001570899,2.64E-05,0,0.001499647,0,0,4.71E-05,0.014539648,0,0,0.000208271,0.001823182,0,0,0,0,0,0,0,0.002337925,0,0.022177913,0,0.000811655,0.00E+00,0,0,0.008531097,0,0,0,0,0,0,0,0.00089956,0,0,0.007315942,0,0.03380792,5.92E-05,0,0.000201674,0,6.18E-05,0.00262887,0
57,271,22-Jan,10,6,0.148845,0.89307,Two,DVT,Cyl,34,0,0,0,0,0,0,0,0.001343303,0,0,0,0,0,0,0.00476973,0,0,0,0,0,0,0.000952349,0.000121837,0,0,0,0,0,0,0,0,0.001326948,0,0,0,0,0,0,0,0,0,0,0,0,0,0,0.052514512,0,0,0,0,0,0.001461674,0
58,288,24-Jan,11,8,0.148845,1.19076,Two,DVT,Cyl,36,0,0,0,0,0,9.63E-05,0,0,0,0,0,0,0,0.009600066,0.012301512,0,0.002112845,0.000766165,0.000266465,0,0,0,0,0,0,0,0,0,0,0,0,0.000923568,0.029859085,0,0,0,0,0,0.003128886,0,0,0,0,0,0,0,0,0.000364592,0,0,0,0.000256193,0.001601179,0
59,289,24-Jan,12,7,0.148845,1.041915,Two,DVT,Cyl,33,0,0,0,0,0.018774889,0,0,0,0,0,0,0,5.79E-05,0.025757042,0.011698918,0,0,0.00012613,0.000211809,0,0,0,0.00071243,0.03590297,0,0,0,0,0,0,0,0.001774631,0,0,0,0,0,0,0.001031111,0,0,0,0,0,0,0,0,0.001450484,0,0,0,0,0.001582246,0
60,292,24-Jan,15,8,0.148845,1.19076,Two,DVT,Cyl,32,0,0,0,0,0.011077916,0,0.001029194,0.000741885,0,0,0,0,8.96E-05,0,0.006709854,0,0,0.000722061,0.000139659,0,0,0.000708118,0,0,0,0.003404729,0,0,0,0,0,0.002244873,0,0,0,0,0,0,0.000665171,0,0,0,0,0,0,0,0.041991841,0,0,0.000129825,0,0,0.00154547,0
61,12,13-Nov,16,9,0.087565,0.788085,Two,NP,Cyl,1,0,0,0,0,0,0,0,0,0,0,0,0,0,0,0.01526801,0,0,0,0,1.78E-05,0,0,0,0,0,0.007302487,0,0,0,0,0,0.004768808,0.064690146,0,0,0,0,0,0.003089652,0,0,0,0,0,0,0,0.097079979,0,0,0,0,0,0.003046316,0
62,21,14-Nov,8,8,0.087565,0.70052,Two,NP,Cyl,3,0.004177522,0,0,0,0,0,0,0.000914843,0,0.00E+00,0,0,0,0.007444861,0.001362292,0,0,0,0,0,0,0,0,0,0,0.003061678,0,0,0,0,0.009615516,0,0.004567499,0,0,0,0,0,0,0,0,0,0,0,0,0.004071271,0.068380039,0,0,0,0,0,0.000705834,0
63,126,30-Nov,16,10,0.087565,0.87565,Two,NP,Cyl,8,0.005058578,0,0,0,0,0.000332294,0,0.005084996,0,0,0.009362836,0,0,0.00991463,0.014923855,0,0.002532344,0,0.03404938,5.16E-05,0,0,0,0,0,0,0,0,0,0.000676396,0,0.001296329,0.04820517,0,0,0,0,0,0.003482475,0,0,0,0,0,0.006101881,0.046452024,0,0,0,0,0,0,0.005308524,0
64,137,1-Dec,6,11,0.087565,0.963215,Two,NP,Cyl,12,0,0,0,0,0,0,0,0,0,0,0,0,0,0.011792583,0.020582443,0.000392447,0.005188155,0,0.000448848,0,0,0,0,0,0,0.002984568,0,0,0,0,0.008976465,0.001588877,0.069119627,0,0,0,0,0,0.005348567,0,0,0,0,0,0.006812785,0,0.061400987,0.000312354,0,0,0,0.001648385,0.001114322,0
65,139,1-Dec,8,8,0.087565,0.70052,Two,NP,Cyl,10,0.007185993,0,0,0,0,0,0,0,0,0,0,0,0,0.025246757,0.010571335,0,0,0,0.000608196,0,0,0,0,0,0,0,0,0,0,0,0.000288276,0.006190654,0,0,0,0,0,0,0.00334055,0,0,0,0,0,0.013364522,0,0,0,0,0,0,0,0.001690048,0
66,151,6-Dec,4,9,0.087565,0.788085,Two,NP,Cyl,7,0.009182687,0,0,0,0,0,0,0.001509242,0,0,0,0,0,0.009931301,0.061902609,0.0021496,0.011368632,0.00610789,0,0.000156066,0,0,0,0,0,0.012516112,0,0,0,0,0.000828368,0.006717395,0.109852164,0,0,0,0,0,0.015487581,0,0,0,0,0,0.012000272,0.01278927,0.20524594,7.65E-05,0,0,0,0.0039856,0.002977273,0
67,185,12-Jan,12,10,0.087565,0.87565,Two,NP,Cyl,20,0,0,0,0,0,0.000649618,0.003942211,0.006981343,0,0,0,0,0,0,0.02148721,0,0.004423868,0,0,0.000329052,0,3.53E-05,0,0,0,0.002653773,0,0,0,0,0,0.002530651,0.028089678,0,0,0,0,0,0.0040763,0,0,5.24E-05,0,0,0.005874933,0.061625343,0.05662215,0,0,0.00E+00,0,0.000733849,0,0
68,206,13-Jan,13,6,0.087565,0.52539,Two,NP,Cyl,35,0.00858702,0,0,0,0.025178975,0,0,0,0,0,0,0,0,0.024254817,0.021338009,0,0.004963278,0,0.000756936,0,0,0,0.00057832,0,0.501442362,0,0,0,0,0,0.000684297,0.004128828,0.079067594,0,0.001370664,0,0,0,0.005029314,0,0,0,0,0,0.014474455,0.016940407,0,0,0,0,0,0.001252977,0.001606574,0
69,236,15-Jan,8,8,0.087565,0.70052,Two,NP,Cyl,30,0,0,0,0.000634347,0,0,0,0.004458383,0,0,0,0,0,0,0.024112214,0,0.002068871,0,0,0,0,0.003206743,0.000944494,0,0,0.01035535,0,0,0,0,0.003846341,0.002926506,0.029734865,0,0.003155211,0,0,0.005680544,0.000996227,0,0,0,0,0,0,0.048457058,0.16241789,0.001330977,0.000558007,0,0,6.24E-05,0.004286871,0
70,240,15-Jan,12,6,0.087565,0.52539,Two,NP,Cyl,34,0,0,0,0,0,0,0,0.000535111,0,0,0,0,0,0,0.02187588,0,0,0,0,0,0,0,0,0,0,0.004113506,0,0,0,0,0.000183929,0.002283527,0.029280848,0,0,0,0,0,0.002272041,0,0,0,0,0,0.01653959,0.015002395,0,0,0,0,0,0,0.004263701,0
71,251,20-Jan,6,9,0.087565,0.788085,Two,NP,Cyl,21,0,0,0,0,0.012628105,0.001229647,0.00301549,0.001261856,0,0,0.000393294,0,0,0,0.040936905,0,0.009310245,0,0,0,0,0.007790548,0,0,0,0.002624483,0,0,0,0,0.00016901,0.001172998,0.104785236,0,0,0,0.015886503,0.004503542,0.013319699,0,0,0.000178511,0,0,0,0.032146564,0.044862236,0.004910469,0,0,0,0.004525387,0.010841493,0
72,260,20-Jan,15,8,0.087565,0.70052,Two,NP,Cyl,31,0,0,0,0.002053145,0.010068634,0.001411018,0,0.002794343,0,0,0,0,0,0,0.044108852,0,0.004305421,0.012667455,0,0,0,0.001243117,0,0,0,0.011776428,0,0,0,0,0.016551329,0.003244442,0.096579231,0,0,0,0.010283744,0,0.006827002,0,0,4.30E-05,0,0,0.011859788,0.03216119,0.222928617,0.001153905,0,0,0,0.007093733,0.008467265,0
73,267,22-Jan,5,7,0.087565,0.612955,Two,NP,Cyl,33,0,0,0,0,0,0.002746898,0,0.01056696,0,0,0,0,0,0,0.064379862,0,0.009331667,0,0,0,0,0.009387114,0,0,0,0.017999157,0,0,0,0,0,0.00746999,0.186764268,0,0,0,0,0.024745336,0.018904035,0,0,0,0,0,0,0.09377519,0.305541856,0.005984337,0,0,0,0.006355528,0.006599247,0
74,279,22-Jan,18,9,0.087565,0.788085,Two,NP,Cyl,32,0,0,0,0.000402715,0,0.002716029,0.003641105,0.002387826,0,0,0,0,0,0,0.064493815,0,0.012594158,0,0,0,0,0,0,0,0,0,0,0,0,0,0,0.011202995,0.177936936,0,0,0,0,0,0.016310873,0,0,0.00045642,0,0,0,0.029906406,0,0.010766226,0,0,0,0.005846459,0.002743373,0
75,310,5-Feb,5,7,0.087565,0.612955,Two,NP,Cyl,38,0.007927566,0,0,0,0.009602807,0,0,0.001045098,0,0,0,0,0,0.017618834,0.039494783,0.001456573,0.006778714,0,0.000612063,0,0,0.001048942,0,0,0,0,0,0,0,0,0.001947438,0.003581644,0.105906791,0,0,0,0,0.005673253,0.008771488,0,0,0,0,0,0,0.030966108,0.064629736,0.000378364,0,0,0,0.001399173,0.001464385,0
76,130,30-Nov,20,8,0.13243,1.05944,Two,SC,Cyl,4,0,0,0,0,0.015818835,0,0.013898789,0.004311366,0,0,0.010912502,0,0.00E+00,0,0.013877785,0,0.00074835,0,0.048316677,0.000106493,0,0.000967378,0,0,0,0,0.000155342,0,0,0,0.00039959,0,0.039307206,0.017589258,0,0,0,0,0.004774472,0,0,0,0,0,0,0.038464368,0,0.0007482,0,0.001272818,0,0,0.002235765,0
77,131,30-Nov,21,12,0.13243,1.58916,Two,SC,Cyl,12,0,0,0,0.003270813,0.007455959,0.000322168,0.005519865,0.004589462,0,0,0.007162111,0,0.00E+00,0.015327138,0.020257342,0,0.003067311,0,0.029127292,0,0,0.000290651,0.005113925,0,0,0.01278718,0.000499467,0,0,0,0.00835349,0,0.050485071,0.010311285,0,0,0,0,0.005467359,0,0,0.000459257,0.001418059,0,0,0.019850093,0.293105878,0.001322094,0,0.001374146,0,0,0.000964285,0
78,136,1-Dec,4,8,0.13243,1.05944,Two,SC,Cyl,8,0,0,0,0,0,0,0,0,0,0,0,0,0,0,0.011094007,0,0,0,0.000810072,0,0,0,0,0,0,0,0,0,0,0,0.001303646,0,0.020807363,0.0117125,0,0,0,0,0.001581755,0,0,0,0,0,0,0,0.10170659,0,0,0.000106744,0,0,0.00453604,0
79,152,6-Dec,5,8,0.13243,1.05944,Two,SC,Cyl,9,0,0,0,0,0,0,0.001474257,0,0,0,0,0,0.001922301,0.016082558,0.022625761,0,0.002101874,0,0.000428721,0,0,0.000658952,0.000439517,0,0,0,0,0,0,0,0,0,0.063614557,0.006738503,0,0,0,0,0.005660913,0,0,0,0,0,0,0.025954793,0,0.000555796,0,0,0,0.000359295,0.001611307,0
80,159,11-Dec,3,10,0.13243,1.3243,Two,SC,Cyl,10,0,0,0,0,0,0,0,0,0,0,0.000502682,0,0,0.031876897,0.010387216,0,0,0,0,0,0,0,0,0,0,0,0.00025416,0,0,0,0.007994176,0.003566045,0.015829311,0,0,0,0,0,0.001841043,0,0,0,0,0,0.004563827,0,0,0.000144583,0,0,0,0,0.002003535,0
81,165,11-Dec,9,8,0.13243,1.05944,Two,SC,Cyl,7,0,0,0,0,0,0,0,0,0,0,0,0,0,0.016867538,0.010022414,0,0.00349825,0,0,0,0,0,0,0,0,0,0.000735338,0,0,0,0,0,0.014190551,0,0.001775865,0,0,0,0.002147,0,0,0,0,0,0.007030823,0,0,0.000279245,0,0,0,4.38E-05,0.002034977,0
82,186,12-Jan,14,10,0.13243,1.3243,Two,SC,Cyl,26,0,0,0,0,0,0.000714265,0,0,0,0,0,0,0,0,0.014091862,0,0.001674845,0.014762408,0,5.40E-05,0,0,0,0,0,0,0,0,0,0,0.000440635,0,0.029768249,0,0,0,0,0,0.004400327,0,0,0.000236841,0,0,0.007243167,0,0,0.000317696,0,0.000173605,0,0.001110359,0.000259579,0
83,210,13-Jan,17,7,0.13243,0.92701,Two,SC,Cyl,19,0,0,0,0,0.010735858,0.000352364,0.00165768,0,0,0,0,0,0.001271402,0.014544957,0.015595503,0,0.004332455,0,0.000512144,0,0,0,0,0,0,0,0,0,0,0,0.000107285,0,0.022152891,0.003915745,0.000963002,0,0,0,0.003146752,0,0,0,0,0,0.012399776,0,0,0.000205263,0,0,0,4.78E-05,0.000277291,0
84,222,14-Jan,12,8,0.13243,1.05944,Two,SC,Cyl,29,0,0,4.53E-05,0,0.002911413,0,0,0,0,0,0,0,0.00108028,0,0.0056717,0,0.001605207,0,0,3.36E-05,0,0,0,0,0,0.001931062,0.000214473,0,0,0,0.002905031,0,0.009179221,0,0,0,0,0,0.001644828,0,0,0.002527508,0,0,0.006441824,0,0,0.001147795,0,8.14E-05,0,0.000938172,0.001516888,0
85,227,14-Jan,17,7,0.13243,0.92701,Two,SC,Cyl,20,0,0,0,9.55E-05,0.006995953,0,0.000179226,0.002959078,0,0,0,0,0,0,0.010672116,0,0.001767609,0,0,0,0.000211544,0.008533591,0,0,0,0.008250531,0,0,0,0,0.002221376,0,0.023017149,0.003698022,0,0,0,0,0.001287569,0,0,0.000138319,0,0,0.013214693,0.049519982,0.107909322,0.000898065,0,0.001012997,0,0.000712609,0.001580717,0
86,232,15-Jan,4,7,0.13243,0.92701,Two,SC,Cyl,23,0,0,0,0,0,0,0,0.004104643,0,0,0,0,0,0.036116155,0.018763239,0,0.000474932,0,0,0,0,0,0,0,0,0,0,0,0,0,0,0,0.024646865,0,0,0,0,0,0.001980714,0,0,0,0,0,0,0.044574697,0,0.002834097,0,0,0,0.000453093,0.004653265,0
87,256,20-Jan,11,9,0.13243,1.19187,Two,SC,Cyl,33,0,0,0,0.000228569,0.006751094,0.001045522,0.005662386,0.010836584,0,0,0,0,0,0,0.04159133,0,0.007211632,0,0,0,0,0.00239052,0.001796851,0,0,0,0,0,0.000153587,0,0.000362152,0.00824222,0.147720514,0.011907467,0,0,0,0,0.010136647,0,0.000249485,0.000291858,0,0,0,0.086458856,0.065370991,0.001610856,0,0.001015328,0,0,0.001231539,0
88,263,20-Jan,18,9,0.13243,1.19187,Two,SC,Cyl,31,0,0,0,0,0.016645219,0.000886926,0,0.007613595,0,0.004026573,0,0,0,0,0.029548359,0,0.004371906,0,0,0,0,0.001938413,0.001738987,0,0,0,0,0,0,0,0,0,0.167493484,0.005301658,0,0,0,0.006911636,0.008333841,0,0,0,0,0,0,0.041640066,0.118974521,0.000968958,0,0,0,0.004327069,0.001902433,0
89,291,24-Jan,14,7,0.13243,0.92701,Two,SC,Cyl,32,0,0,0,0,0.028256734,0.001203419,0.004147301,0,0,0,0,0,0,0.01243106,0.040063334,0,0.013964621,0,0.000305054,0,0,0.00433373,0.000391709,0,0,0,0,0,0,0,0.006066106,0,0.138746832,0,0,0,0,0.000986896,0.009069296,0,0,0,0,0,0.006992753,0,0.12746065,0.000832956,0,0.001948127,0,0.003618461,0.004567851,0
90,293,24-Jan,16,8,0.13243,1.05944,Two,SC,Cyl,30,0,0,0,0,0.030039853,0,0.002140552,0,0,0.00355176,0,0,0,0,0.013378548,0,0.003441222,0,0.001447207,0,0,0,0,0,0,0,0.000195421,0,0,0,0,0.005106238,0.025699871,0.009660179,0,0,0,0,0.002346722,0,0,0,0,0,0.006933758,0,0,0.000155881,0,0,0,0,0.001213347,0
91,7,13-Nov,10,8,0.07594,0.60752,Four,DEL4,Cyl,5,0,0,0,0,0,0,0,0,0,0,0,0,0,0,0.002107895,0,0,0,0,0,0,0,0,0,0,0.002200322,0,0,0,0.000811444,0,0,0.013560565,0,0,0,0,0,0,0,0,0,0,0,0,0,0.049864345,0,0,0,0.002845609,0,0.000725755,0
92,9,13-Nov,12,8,0.07594,0.60752,Four,DEL4,Cyl,1,0,0,0,0,0,0,0,0,0,0,0,0,0,0,0.011196947,0,0,0,0,0,0,0,0,0,0,0.00310883,0,0,0,0,0,0,0.029490931,0,0.002140186,0,0,0,0,0,0,0,0,0,0,0,0,0.000588073,0,0.003930262,0,0,0.001250212,0
93,23,14-Nov,10,9,0.07594,0.68346,Four,DEL4,Cyl,2,0,0,0,0,0,0,0.003242497,0,0,0,0,0,0,0.005289962,0.005536731,0,0,0,0.001202107,0,0,0,0,0,0,0,0,0,0,0,0.000327548,0,0.016553828,0,0,0,0,0,0,0,0,0,0,0,0,0,0,0,0,0,0,0,0,0
94,34,15-Nov,3,12,0.07594,0.91128,Four,DEL4,Cyl,9,0.003715832,0,0,0,0,0,0,0,0.00E+00,0.000696618,0,0,0,0.005723498,0.008620125,0,0,0,0,0,0,0,0,0,0,0,0,0,0,0.000604653,0,0,0.026615458,0,0,0,0,0,0,0,0.004927137,0,0,0,0.011338416,0,0,0,0,0,0,0,0.000839498,0
95,110,20-Nov,22,7,0.07594,0.53158,Four,DEL4,Cyl,3,0,0,0,0,0,0,0,0,0,0.001240419,0,0,0.00158143,0,0.003171235,0,0,0,0,0.000295681,0,0,0,0,0,0,0,0,0,0,0,0,0.012730233,0,0,0.000611687,0,0,0,0,0,0,0,0,0.019352086,0,0,0,0,0,0,0,0,0
96,116,30-Nov,6,10,0.07594,0.7594,Four,DEL4,Cyl,10,0.007655848,0,0,0,0.015118875,0.000772043,0,0,0,0.000695757,0.013589774,0,0,0.008357809,0.042337212,0,0.005051344,0.004183288,0.057667684,0.000116281,0,0,0,0,0,0,0,0,0,0.001525254,0,0,0.16234954,0.022556534,0,0,0,0,0.011776446,0,0,0,0,0,0,0,0,0,0,0,0,0.001499296,0.000892867,0
97,120,30-Nov,10,13,0.07594,0.98722,Four,DEL4,Cyl,12,0.005696646,0,0,0,0.0128404,0,0.003997158,0,0,0.002800594,0.00923337,0,0.000755483,0.006431958,0.01598982,0,0,0.005527231,0.041252155,2.99E-05,0.000600658,0.000272042,0,0,0,0.006103772,0,0,0,0.001565111,0,0,0.049044236,0.020792912,0.003865828,0,0,0.006303576,0,0,0,0,0,0,0.008798609,0,0.145370112,0.000224791,0,0.00E+00,0,0,0.005364962,0
98,147,1-Dec,18,6,0.07594,0.45564,Four,DEL4,Cyl,7,0,0,0,0,0,0,0,0.027877169,0,0,0,0,0.000774251,0.017962434,0.070125873,0,0.01278004,0,0,0,0,0.00070491,0,0,0,0.004807428,0.001186336,0,0,0,0,0,0.11699745,0.034955599,0,0,0,0,0.015484033,0,0,0,0,0,0,0.236728683,0.108973713,0,0,0,0,0,0.001882248,0
99,180,12-Jan,7,8,0.07594,0.60752,Four,DEL4,Cyl,25,0,0,0,0,0,0.000894311,0,0,0,0.002896262,0,0.000474384,0,0,0.030569168,0,0,0,0,0.000180421,0,0,0.002758181,0,0,0.006198778,0,0,0,0,0.001483161,0,0.10973538,0,0,0,0,0.019705794,0.009926236,0,0,0.0006497,0,0,0.033507643,0,0.120631674,0.005122117,0,0,0,0.003015089,0.001526175,0
100,192,12-Jan,20,9,0.07594,0.68346,Four,DEL4,Cyl,21,0,0,0.000103835,0,0,0.000365902,0.024774332,0,0,0.00194451,0,0,0,0,0.022019875,0,0,0,0,0,0,0,0,0,0,0.005770429,0,0,0,0,0.005140914,0,0.023695983,0,0,0,0,0,0.010872501,0,0,0.00040062,0,0,0.017657108,0,0.113865141,0.001544703,0,0,0,0.002363759,0.000151645,0
101,193,12-Jan,22,9,0.07594,0.68346,Four,DEL4,Cyl,27,0,0,0,0,0,0.001561372,0,0,0,0.00037601,0,0,0.006395673,0,0.027816693,0,0,0,0,0,0,0.000340668,0.001255415,0,0,0,0,0,0,0,0,0,0.090509906,0,0,0,0,0,0.013673457,0,0,0.000128474,0,0,0,0,0,0.003370566,0,0,0,0.004602155,0.004014426,0
102,237,15-Jan,9,8,0.07594,0.60752,Four,DEL4,Cyl,32,0,0,0,0,0,0,0.00725771,0,0,0,0,0,0,0,0.034759594,0,0,0,0,0.000235383,0,0,0,0,0,0,0,0,0,0,0.000741331,0,0.101511423,0,0,0,0,0,0.006607782,0,0,0,0,0,0,0,0,0.002670435,0,0,0,0.0014356,0.006306671,0
103,265,22-Jan,3,6,0.07594,0.45564,Four,DEL4,Cyl,33,0,0,0,0,0,0,0,0,0,0,0,0,0,0,0.017353967,0,0,0,0,0,0,0.002001267,0,0,0,0,0,0,0,0,0,0,0.082683964,0,0,0,0,0,0,0,0,0,0,0,0,0,0,0.000536193,0,0,0,0,0,0
104,277,22-Jan,16,7,0.07594,0.53158,Four,DEL4,Cyl,31,0,0,0,0,0,0,0,0,0,0,0,0,0,0,0.021688347,0,0,0,0,0,0,0.001298216,0,0,0,0,0,0,0,0,0,0,0.050157032,0,0,0,0,0,0,0,0,0.000664311,0,0,0,0,0,0.000782814,0,0,0,0,0,0
105,286,24-Jan,9,7,0.07594,0.53158,Four,DEL4,Cyl,30,0,0,0,0,0,0,0,0,0,0,0,0,0,0,0.015851236,0,0,0,0,0,0,0,0,0,0,0.002289436,0,0,0,0,0,0,0.045075484,0,0,0,0,0.004601156,0,0,0,0,0,0,0.014126044,0,0,0.001463431,0,0,0,0,0,0
106,4,13-Nov,4,7,0.10184,0.71288,Four,DEM,Cyl,5,0,0,0,0,0,0,0,0.001302954,0,0,0,0,0,0,0.004372432,0,0.003566055,0,0,0,0,0,0,0,0,0,0,0,0,0.000630599,0,0,0.047140356,0,0,0,0,0,0.003075356,0,0,0,0,0,0,0,0,0.000634983,0,0,0,0,0,0
107,35,15-Nov,5,8,0.10184,0.81472,Four,DEM,Cyl,6,0.007772149,0,0,0,0,0,0,0.004231992,0.000275539,0,0,0,0,0.006216729,0.008734381,0,0,0.001759247,0,0,0,0,0,0.10874899,0,0,0,0,0,0.000285142,0,0.005517706,0.067107752,0,0,0,0,0,0.004609554,0,0,0,0,0,0.011747066,0.033364171,0.03060091,0.000158127,0,0,0,0,0.000158554,0
108,38,15-Nov,8,7,0.10184,0.71288,Four,DEM,Cyl,3,0.004815867,0,0,0,0,0,0.006932647,0.004406356,0.000374529,0,0,0,0,0.007159518,0.014581487,0,0,0.002058828,0,0,0,0,0,0,0,0,0,0,0,0.000290263,0,0,0.057178662,0,0,0,0,0,0.004171419,0,0,0,0,0,0,0,0,0,0,0,0,0,0,0
109,47,15-Nov,20,6,0.10184,0.61104,Four,DEM,Cyl,1,0,0,0,0,0,0.001522159,0,0.00471141,0.00055819,0,0,0,0,0.004744791,0.040021158,0,0.008874466,0,0,0,0,0.000618954,0,0,0,0,0,0,0,0.000219417,0,0,0.167539303,0,0,0,0,0,0.013909301,0,0,0,0,0,0,0.035239063,0,0,0,0,0,0.001615822,0.003716463,0
110,93,20-Nov,5,6,0.10184,0.61104,Four,DEM,Cyl,4,0,0,0,0,0,0,0,0.002147945,0,0,0,0,0,0.008947943,0,0,0,0,0,0.000201577,0,0,0,0,0,0,0,0,0,0,0.004347632,0,0,0,0,0,0,0,0,0,0,0,0,0,0.017828498,0,0,0.000389062,0,0,0,0,0.001621222,0
111,95,20-Nov,7,9,0.10184,0.91656,Four,DEM,Cyl,2,0,0,0,0,0,0.000922489,0,0.004599743,0,0,0,0,0,0.008585722,0.024070669,0,0.006375986,0,0,0,0,0,0,0,0,0.005526988,0,0,0,0,0,0.004120179,0.074777205,0,0,0,0,0.002919534,0.008926587,0,0.000943352,0,0,0,0.006283817,0.042703196,0.11182974,0.000172154,0,0.001109452,0,0.001784217,0.001425926,0
112,121,30-Nov,11,10,0.10184,1.0184,Four,DEM,Cyl,10,0.003614685,0,0,0.00164717,0,0.000643939,0.002602621,0.002510398,0,0,0,0,0,0.003316592,0.014882195,0,0.003132523,0.004092982,0,0.000323467,0.000233759,0,0,0,0,0.013525854,0,0,0,0,0.002466875,0,0.020857834,0,0,0,0,0,0.004291763,0,0,0,0,0,0,0.02554061,0.1638182,0,0,0,0,0.001833329,0.003182858,0
113,123,30-Nov,13,11,0.10184,1.12024,Four,DEM,Cyl,7,0.007129817,0,0,0,0.01483924,0.000891169,0,0.00589568,0,0,0.009621,0,0,0.012407908,0.021495631,0,0.007105754,0.002599448,0.04300804,8.62E-05,0,6.32E-05,0.002607784,0,0,0.004391294,0,0,0,0.001026459,0,0.002211028,0.058726467,0.014706271,0,0,0,0.011633858,0.006645273,0,0,0,0,0,0,0.037983128,0.123480447,0.00107542,0,0.000449043,0,0.001506523,0,0
114,138,1-Dec,7,10,0.10184,1.0184,Four,DEM,Cyl,12,0.004643395,0,0,0,0,0,0,0.002510034,0.000298921,0,0,0,0,0.007472519,0.03932591,0.000981138,0.010316649,0,0.001168413,0,0.000752603,0,0.000168131,0,0,0.01238258,0,0,0,0,0,0,0.053801715,0.012081724,0,0,0,0.003003687,0.008716466,0,0.000423071,0,0,0,0,0.025317534,0.252051408,0.000256169,0,0,0,0.000562246,0.002465133,0
115,140,1-Dec,10,10,0.10184,1.0184,Four,DEM,Cyl,11,0.005839265,0,0,0,0.034372753,0,0.002610265,0.004525583,0,0,0,0,0,0.006557628,0.024565035,0.000257103,0.002760551,0,0.001001228,0,0,0,0,0,0,0,0,0,0,0,0,0,0.074226281,0.01949203,0,0,0,0,0.006818438,0,0,0.000163846,0,0,0,0.037688177,0,0.000152429,0,2.72E-05,0,0,0.000102586,0
116,190,12-Jan,18,10,0.10184,1.0184,Four,DEM,Cyl,28,0,0,0,0.001717546,0,0.001493671,0,0.002896792,0,0,0,0.000824023,0,0,0.030026777,0,0.012173722,0,0,0,0.000709144,0,0,0,0,0.025527066,0,0,0,0,0.013152572,0,0.085231703,0,0,0,0,0.032352321,0.006215502,0,0,0,0,0,0.014296111,0.026385826,0.720478725,0.000813162,0,6.66E-05,0,0.001797066,6.03E-05,0
117,191,12-Jan,19,9,0.10184,0.91656,Four,DEM,Cyl,29,0,0,0,0,0,0,0.007847335,0.001077526,0,0,0,0,0,0,0.013723162,0,0.004343748,0,0,0,0,0,0,0,0,0.00333473,0,0,0,0,0,0.003600658,0.023377983,0,0,0,0,0,0.004063846,0,0,0.000238962,0,0,0.022628114,0,0.049876059,0.001761524,0,0,0,0.000256085,0.000456233,0
118,253,20-Jan,8,6,0.10184,0.61104,Four,DEM,Cyl,20,0,0,0,0,0.014551097,0.000292735,0.000447926,0.000196321,0,0,0.000849075,0,0,0,0.034951754,0,0.005577874,0.0011717,0,0,0,0.005531926,0,0,0,0,0,0,0,0,0,0,0.059212466,0,0,0,0,0,0.007746711,0,0.000781836,0.000189195,0,0,0.010082995,0,0,0.000199851,0,0,0,0.000701649,0,0
119,278,22-Jan,17,9,0.10184,0.91656,Four,DEM,Cyl,34,0,0,0,0,0,0,0.000472628,0.002709261,0,0,0,0,0,0,0.006023088,0,0,0,0,0,0,0.005375797,0.00050512,0,0,0,0,0,0,0,0,0,0,0,0,0,0,0,0.001575652,0,0,0,0,0,0,0.032149751,0,0.004065905,0,0,0,0,0.003042853,0
120,290,24-Jan,13,6,0.10184,0.61104,Four,DEM,Cyl,33,0,0,0,0,0.019039655,0.000659405,0.002024986,0.0019692,0,0,0,0,0,0,0.032885291,0,0.002980563,0,0.001381754,0,0,0,0,0,0,0,0,0,0,0,0,0,0.062068706,0,0,0,0,0,0.005965245,0,0,0,0,0,0.01101225,0,0,0,0,0,0,0,0.00271599,0
121,6,13-Nov,9,9,0.101405,0.912645,Four,MCK,Cyl,1,0,0,0,0,0,0,0.000881426,0.004794641,0,0,0,0,0,0,0,0,0,0,0,0,0,0.000555509,0,0,0.42074793,0,0,0,0,0,0.004912079,0,0.009437229,0,0,0,0,0,0,0,0,0,0,0,0,0.035727931,0,0,0,0,0,0,0,0
122,25,14-Nov,12,6,0.101405,0.60843,Four,MCK,Cyl,4,0,0,0,0,0,0,0.005153309,0,0,0,0,0,0,0.006051021,0.013566472,0,0.002772882,0,0,0,0,0,0,0,0.161422656,0,0,0,0,0,0.000302373,0.00117809,0.05490462,0,0,0,0,0,0.003355,0,0,0,0,0,0,0,0,0,0,0,0,0,0.002753308,0
123,53,17-Nov,4,6,0.101405,0.60843,Four,MCK,Cyl,5,0,0,0,0,0,0,0,0,0,0,0,0,0,0.001080368,0.000295702,0,0,0,0,0,0,0,0,0,0.078704363,0,0,0,0,0,0,0,0.003409137,0,0,0,0,0,0,0,0,9.73E-05,0,0,0.055659142,0,0,0,0,0,0,0,0,0
124,100,20-Nov,12,8,0.101405,0.81124,Four,MCK,Cyl,7,0,0,0,0,0,0.000722877,0,0.00370594,0,0,0,0,0,0.008634239,0.025930815,0,0.005722774,0,0,0,0,0.000206367,0,0,0.321684082,0.007073529,0,0,0,0,0,0.002542663,0.052416239,0,0.000164508,0,0,0.002628886,0.009688347,0,0,0,0,0,0.006734589,0.037518876,0.211905045,0.000750477,0,0.00101544,0,0.000834596,0.004738313,0
125,101,20-Nov,13,8,0.101405,0.81124,Four,MCK,Cyl,10,0,0,0,0,0,0.001171574,0.000593221,0.004213237,0,0,0,0,0,0,0.028076855,0,0.002646445,0,0,0.000252791,0,0,0,0,0.240551717,0.009202588,0,0,0,0,0,0.004220146,0.043592822,0,0,0,0,0,0.00841021,0,0,0,0,0,0.00982077,0.040944858,0,0,0,0,0,0.000917346,0.003371895,0
126,113,30-Nov,3,11,0.101405,1.115455,Four,MCK,Cyl,9,0.006222845,0,0,0.001801493,0.008494793,0.000545071,0,0.006767675,0,0.001398556,0.011071002,0,0,0.007618497,0.027872256,0,0.002876623,0.005594573,0.046847704,0,0,0.003901246,0,0,0.19644794,0.018165772,0,0,0,0,0,0.003659135,0.078876567,0,0.003107876,0,0,0.009994755,0.007738359,0,0,0,0,0,0,0.059494158,0.453045871,0.000598908,0,0.000621835,0,0.000914253,0.002053045,0
127,132,30-Nov,22,10,0.101405,1.01405,Four,MCK,Cyl,12,0.005072483,0,0,0.000650745,0.012653536,0.000185962,0.011791108,0.006935501,0,0.002173618,0.009901523,0.000346712,0.00E+00,0.006295537,0.019765206,0,0.00393946,0.009364606,0.04297418,0,0.00095861,0.00024378,0,0,0.133748684,0.01478713,0,0,0,0,0,0.002197845,0.049781257,0,0.001879894,0,0,0.012885755,0.004714732,0,0,0,0,0,0,0.06224111,0.417842708,0.000561098,0,0.001335553,0,0.000301889,0,0
128,142,1-Dec,12,6,0.101405,0.60843,Four,MCK,Cyl,11,0.008192223,0,0,0.000276319,0.040815487,0,0,0,0,0,0,0,0,0.028825166,0.018443485,0,0,0,0,0,0.001030459,0.000494878,0.00055751,0,0.204057773,0.019382812,0,0,0,0,0,0.006647867,0.093431146,0,0,0,0,0.013773342,0.004205212,0,0,0,0,0,0,0,0.48634034,0.000329331,0,0.000700582,0,0,0,0
129,176,12-Jan,3,9,0.101405,0.912645,Four,MCK,Cyl,28,0,0,0,0.000709462,0,0.003374181,0,0.005457667,0,0,0,0,0,0,0.056445136,0,0.020730444,0.005273288,0,0.000155946,0,0,0,0,0.084870563,0.012789953,0,0,0,0,0,0.001585367,0.104225114,0,0,0,0,0,0.017423603,0,0,0.000116993,0,0,0,0.051756751,0.383578607,0.000950657,0,0.000211737,0,0.002868336,0.010731567,0
130,177,12-Jan,4,12,0.101405,1.21686,Four,MCK,Cyl,25,0,0,0.00011174,0,0,0.001468102,0.000594755,0.002018574,0,0,0,0,0,0,0.030690172,0,0.006283087,0,0,0,0,9.29E-05,0.000173268,0,0.033233647,0,0,0,0,0,0,0.002745555,0.074639073,0,0,0,0,0,0.00849667,0,0,8.25E-06,0,0,0.012786845,0.018821206,0,0.000454787,0,0,0,0.003144713,0.001208607,0
131,230,15-Jan,2,6,0.101405,0.60843,Four,MCK,Cyl,32,0,0,0,0.000152568,0,0.000373455,0.001975774,0.004735518,0,0,0,0,0,0,0.029045041,0,0.002082627,0,0,0.000192582,0,0,0,0,0,0.012944501,0,0,0,0,0,0.005359731,0.061090028,0,0,0,0,0.001711472,0.005726875,0,0,0,0,0,0,0.055743068,0.11290478,0.000277843,0,0,0,0.000526484,0.000630986,0
132,233,15-Jan,5,7,0.101405,0.709835,Four,MCK,Cyl,35,0,0,0,0,0,0.000326135,0.000615639,0,0,0,0,0,0,0,0.017640446,0,0.002265952,0,0,0,0,0.000481668,0,0,0.61013057,0,0,0,0,0,0.001031374,0.002837244,0.092029163,0,0,0.002063067,0,0,0.002213132,0,0,0,0,0,0.00708355,0,0,0.000495318,0,0,0,0.000120353,0.00249567,0
133,243,15-Jan,15,6,0.101405,0.60843,Four,MCK,Cyl,33,0,0,0,0,0,0,0,0,0,0,0,0,0,0,0.014985329,0,0,0,0,0.000105116,0,0.003601789,0,0,0.139554099,0,0,0,0,0,0.001207492,0.00253561,0.024581805,0,0,0,0,0,0.000473999,0,0,0,0,0,0,0.041023431,0,0,0,0,0,0,0.000653844,0
134,266,22-Jan,4,7,0.101405,0.709835,Four,MCK,Cyl,30,0,0,0,0,0,0,0,0,0,0,0,0,0,0,0.004164798,0,0,0,0,0,0,0,0,0,0,0,0,0,0,0,0,0,0,0,0,0,0,0,0.000348936,0,0,0.000608046,0,0,0,0,0,0.000442916,0,0,0,0,0,0
135,282,24-Jan,4,7,0.101405,0.709835,Four,MCK,Cyl,34,0,0,0,0,0,0,0.000329049,0,0,0,0,0,0.000260691,0,0.013971283,0,0,0,0,0,0,0,0,0,0.464222246,0.008898276,0,0,0,0,0,0.004183424,0,0,0,0,0,0,0.00308733,0,0,0,0,0,0.010835208,0,0.09616096,0,0,0,0,0.000338679,0.00122302,0
136,2,13-Nov,2,7,0.100425,0.702975,One,CB323,Ung,1,0,0.001905663,0,0,0,0,0,0.001759537,0,0,0,0,0,0,0,0.000258268,0,0,0,0,0,0,0,0,0.026151383,0.019312163,0,0,0,0,0,0.003173898,0,0,0,0.002961269,0,0,0,0,0,0,0,0,0,0.00383772,0.337180633,0,0,0.000251177,0,0,0,0
137,98,20-Nov,10,6,0.100425,0.60255,One,CB323,Ung,10,0,0,0,0,0,0,0,0.001794898,0,0,0,0,0,0,0.000594664,0,0.000975386,0,0,0.000147136,0,0,0,0.001983412,0.152616601,0.011669015,0,0,0,0,0,0.004275982,0,0,0,0,0,0.017451202,0.002004984,0,0,0,0,0,0.014455541,0.005780007,0.275520161,0,0,0,0,0,0,0
138,108,20-Nov,20,6,0.100425,0.60255,One,CB323,Ung,8,0,0,0,0,0,0,0,0,0,0,0,0,0.003971507,0.013988707,0,0,0,0,0,0.000311247,0,0,0,0.009496068,0.342229876,0,0,0,0,0,0,0,0,0,0,0,0,0,0,0,0,0,0,0,0,0,0,0,0,0,0,0,0,0
139,114,30-Nov,4,10,0.100425,1.00425,One,CB323,Ung,13,0.006238724,0,0,0,0,0.00067673,0,0.001861049,0,0,0.010059625,0,0.000622149,0.001220644,0.000387231,0,0.00195885,0,0.043249417,0.000529378,0,0,0,0.016092973,0.092559873,0.001008736,0,0,0.004572521,0.001442971,0,0.001186476,0,0,0.002186726,0,0,0,0,0,0,0,0,0,0.01296338,0.021370999,0,0,0,0.000801052,0,0,0,0
140,118,30-Nov,8,9,0.100425,0.903825,One,CB323,Ung,11,0.002527004,0,0,0,0,0,0,0,0.046179973,0,0,0,0,0.000533515,0.000543549,0,0,0,0,0.004016279,0,0,0,0,0.0315782,0,0,0,0,0.005322884,0,0,0,0,0,0,0,0,0,0,0,0.00125421,0.002055368,0,0,0.005330012,0,0,0,0,0,0,0,0.001842722
141,122,30-Nov,12,7,0.100425,0.702975,One,CB323,Ung,7,0.0089678,0,0,0,0.017727132,0,0.000813273,0.002107006,0.010207258,0,0.016356641,0,0.000393499,0.004271215,0,0.003554896,0.003091546,0,0.067052007,0.001426427,0,0,0,0.058133419,1.081121918,0.013736501,0,0,0.007296174,0.004992318,0,0.009214966,0,0.027876101,0.00184645,0,0,0,0,0,0,0.001291539,0.002961262,0,0.019244479,0.025516897,0.291463465,0,0,0.000878106,0,0.001004308,0,0
142,128,30-Nov,18,7,0.100425,0.702975,One,CB323,Ung,12,0.009591701,0,0.025274313,0,0,0,0,0.001003179,0.021156136,0,0.01628093,0.000214896,0.00E+00,0.005337922,0.000168611,0,0,0,0.064870157,0.001942267,0,0,0,0,0.005937179,0,0,0,0,0.009900533,0,0.000599063,0,0.028754977,0,0,0,0,0,0,0,0.001304125,0.001932282,0.02857806,0,0,0,0,0,0,0,0,0,0
143,198,13-Jan,5,6,0.100425,0.60255,One,CB323,Ung,27,0.005945336,0.000815973,0,0,0.009160671,0,0,0,0,0,0,0,0.000945311,0,0,0,0,0,0.000524315,0,0,0,0,0.015495542,0.165343187,0.013208821,0.001841597,0,0,0,0,0.000709862,0,0,0,0.006105122,0,0,0,0,0,0,0,0,0.013136668,0,0.219036285,0,0,0,0,0,0,0
144,204,13-Jan,11,7,0.100425,0.702975,One,CB323,Ung,32,0,0.000509332,0,0,0.008266267,0,0,0,0.001250573,0,0,0,0.000559547,0,0,0,0,0.00E+00,0.000545069,0,0,0,0,0.0008875,0.016667476,0,0,0,0,0,0,0,0,0,0,0,0,0,0,0,0,0,0,0,0,0,0,0,0,0,0,0,0,0
145,209,13-Jan,16,6,0.100425,0.60255,One,CB323,Ung,37,0.002985235,0.000289829,0,0,0.002768464,0,0,0,0.031241815,0,0,0,0.000479511,0,0,0,0,0,0.002254747,0.00244247,0,0,0,0.005453663,0.037797733,0,0,0,0,0,0,0,0,0,0,0,0,0,0,0,0,0.001190385,0,0,0.008311727,0,0,0,0,0,0,0,0,0
146,216,14-Jan,6,6,0.100425,0.60255,One,CB323,Ung,36,0.002458473,0.001255205,0,0.006727288,0,0,0,0,0,0,0,0,0.001165813,0,0,0,0,0,0,0,0.007023675,0,0,0.002736869,0.041231201,0.048606297,0,0,0,0,0,0,0,0,0,0.005155516,0,0.002234947,0,0,0,0,0,0,0.007821156,0,0.93858604,0,0,0.000494336,0,0,0,0
147,221,14-Jan,11,6,0.100425,0.60255,One,CB323,Ung,34,0.003471454,0.00037661,0,0.00740491,0.004855869,0,0,0,0,0,0,0,0.000618197,0,0,0,0,0,0,0,0.005504989,0,0,0.004694063,0.143187357,0.059223464,0,0,0,0,0,0,0,0,0,0,0,0.00447237,0,0.00059307,0,0.000195357,0,0,0,0,1.410203073,0,0.002612457,0.000440898,0,0,0,0
148,225,14-Jan,15,7,0.100425,0.702975,One,CB323,Ung,33,0.004103627,0.001505837,0,0.000185451,0.008898334,0,0,0,0,0,0,0,0.00101103,0,0,0,0,0,0,0,0.000575974,0,0,0,0.011247808,0.010397209,0,0,0,0,0,0,0,0,0,0,0,0,0,0,0,0,0,0,0,0,0.143081947,0,0,0,0,0,0,0
149,305,2-Feb,3,6,0.100425,0.60255,One,CB323,Ung,41,0.005793401,0.003560729,0,0.001165184,0.008336327,0,0,0,0,0,0,0,0.000919824,0,0,0,0,0,0.00059361,0,0.004009324,0,0,0.001950176,0.050775862,0.02322542,0,0,0,0,0,0,0,0,0,0.012005203,0,0.001203497,0,0,0,0,0,0,0,0,0.37778309,0,0,0,0,0,0,0
150,306,2-Feb,4,6,0.100425,0.60255,One,CB323,Ung,38,0.006998722,0.002327369,0,0,0.012182302,0,0.001891945,0.010733357,0.009433323,0,0,0,0.00037272,0,0,0,0,0,0.001754146,0,0.000852384,0.002117054,0,0.025907833,0.343424168,0.005054193,0.013376431,0.145608216,0.001175164,0.003580892,0,0.049009939,0,0,0.046617907,0.008845756,0,0,0,0,0,0.000874389,0.001135378,0,0,0.180890406,0.119186851,0,0,0.007105012,0,0,0,0
151,24,14-Nov,11,6,0.12248,0.73488,One,GRCO,Ung,3,0.005637654,0,0,0,0,0,0,0,0.000389278,0,0,0,0,0.005278659,0,0,0,0,0.000376366,0,0,0,0,0,0.05711407,0,0,0,0,0,0,0,0,0,0.001107666,0,0,0,0,0,0,0,0,0,0,0,0,0,0,0,0.000699159,0,0,0
152,41,15-Nov,11,6,0.12248,0.73488,One,GRCO,Ung,2,0.006560028,0,0.012582387,0,0,0,0,0,0.015677016,0,0,0,0,0.003010441,0.000568112,0,0,0.006477674,0.003142605,0.001695887,0.001152432,0,0,0,0.217158712,0,0,0,0,0.005846931,0,0,0,0,0,0,0,0,0,0,0,0.001105271,0,0,0,0.005680765,0,0,0,0,0,0,0,0
153,48,15-Nov,21,6,0.12248,0.73488,One,GRCO,Ung,6,0.002516406,0,0,0,0,0,0,0,0.006531192,0,0,0,0,0.003993226,0,0,0,0.00085083,0,0.000301326,0,0,0,0,0.010191339,0,0,0,0,0,0,0,0.000733827,0,0,0,0,0,0,0,0,0,0,0,0,0,0,0,0,0,0,0,0,0
154,67,17-Nov,20,7,0.12248,0.85736,One,GRCO,Ung,1,0,0,0,0,0,0,0,0,0.00754995,0,0,0,0,0.001442137,0,0,0,0.002576762,0.000282849,0.000731861,0,0,0,0,0.086071848,0,0,0,0,0.000754711,0,0,0,0.002678237,0,0,0,0,0,0,0,0.000192315,0,0,0.070039378,0,0,0,0,0,0,0,0,0
155,94,20-Nov,6,7,0.12248,0.85736,One,GRCO,Ung,9,0,0,0,0,0,0,0,0,0.011461616,0.001158671,0,0,0,0,0,0,0,0.027948926,0,0.001351316,0,0,0,0,0.030211341,0,0,0,0,0,0,0,0,0,0,0,0,0,0,0,0,0,0,0,0.010341598,0,0,0,0,0,0,0,0,0
156,99,20-Nov,11,6,0.12248,0.73488,One,GRCO,Ung,8,0,0,0.001047898,0.001229014,0,0,0,0,0.003448461,0,0,0,0,0.01499042,0,0,0,0,0,0.000361727,0,0,0,0,0.366760461,0.011917416,0,0,0,0,0,0,0,0,0,0,0,0,0,0,0,0,0,0,0.009098676,0,0.279443697,0,0,0.000139562,0,0,0,0
157,106,20-Nov,18,6,0.12248,0.73488,One,GRCO,Ung,11,0,0,0,0,0,0,0,0,0.006766874,0.002465434,0,0,0,0.003762894,0,0,0,0.006396108,0,0.000548397,0,0,0,0,0.018265602,0,0,0,0,0,0,0,0,0,0.002389908,0,0,0,0,0,0,0,0,0,0.018118,0,0,0,0,0,0,0,0,0
158,143,1-Dec,13,6,0.12248,0.73488,One,GRCO,Ung,10,0,0,0,0,0,0,0,0,0.010624691,0,0,0,0,0.003133089,0,0,0,0.002714774,0.001473137,0.000913716,0,0,0,0,0.075074236,0,0,0,0,0.000116195,0,0,0,0.015069949,0,0,0,0,0,0,0,0.00037639,0,0,0,0,0.03149619,0,0,0,0,0,0,0
159,181,12-Jan,8,6,0.12248,0.73488,One,GRCO,Ung,29,0,0,0,0,0,0,0.000569931,0,0,0,0,0,0,0,0,0,0,0.003347255,0,7.23E-05,0,0,0,0,0.171995694,0,0.00096255,0,0,0,0,0.000547019,0.003512206,0,0,0,0,0,0,0,0,0,0,0,0.00820003,0,0,0,0,0,0,0,0,0
160,245,15-Jan,17,6,0.12248,0.73488,One,GRCO,Ung,30,0,0,0,0,0,0,0,0,0.021388455,0,0,0,0,0,0,0,0,0.007944329,0,0.001498257,0,0,0,0,0.479761601,0,0,0,0,0,0,0,0,0.010250787,0,0,0,0,0,0,0,0,0.002333942,0,0.006859108,0.001876274,0,0,0,0,0,0,0,0
161,259,20-Jan,14,8,0.12248,0.97984,One,GRCO,Ung,35,0,0,0,0,0.003752693,0,0,0,0.014098625,0,0,0,0,0,0,0,0.000669586,0.004244632,0,0.00095561,0,0,0,0,0.124306704,0,0.000746354,0,0.000790737,0.001467043,0,0,0,0.00641016,0,0,0,0.001243753,0,0,0,0.000584343,0.001805401,0,0,0.005188313,0,0,0,0.000374561,0.003544999,0,0,0
162,284,24-Jan,6,6,0.12248,0.73488,One,GRCO,Ung,34,0,0.00212869,0.000294938,0,0,0,0,0,0.03670509,0.001893178,0,0,0,0,0,0,0,0.009681806,0.004103737,0.003181408,0,0,0,0,0.014923445,0,0,0,0,0.006884337,0,0,0,0.020814476,0.002298647,0,0,0,0,0.004252129,0,0.001197712,0.001327346,0,0,0.009690411,0,0,0,0,0,0,0,0
163,298,29-Jan,5,7,0.12248,0.85736,One,GRCO,Ung,33,0.00839369,0,0,0,0,0,0,0,0.014199742,0,0,0,0,0,0,0,0,0.002663551,0,0.001137922,0,0,0,0,0.066141111,0,0,0,0.001072404,0.001308288,0,0,0.004290288,0,0,0.001758146,0,0,0,0,0,0.000669016,0.00151918,0,0.014510627,0,0,0,0,0,0.001812621,0,0,0
164,299,29-Jan,6,7,0.12248,0.85736,One,GRCO,Ung,32,0.005847661,0,0,0.001633802,0,0.000165794,0,0.000317405,0.018030472,0,0,0,0,0,0,0,0.000197735,0.006562751,0.002258731,0.001302177,0.001360773,0,0,0,0.310437963,0.009947707,0.000290803,0,0.002547966,0.002024904,0,0.001477649,0,0,0,0,0,0.002337447,0,0.000485239,0,0.000711024,0.000850274,0,0,0.012353251,0.13326907,0,0.001439999,0.000384091,0,0,0,0
165,300,29-Jan,7,6,0.12248,0.73488,One,GRCO,Ung,31,0,0,0,0.002037372,0,0,0,0,0.030779102,0.001221547,0,0.000508229,0,0,0,0,0.000183123,0.019709366,0.00503377,0.003028396,0.001701951,0,0,0,0.719875218,0.019219754,0.003067446,0,0.001592035,0.015981832,0,0.000617495,0,0,0.000768599,0,0,0,0,0.001926709,0,0.001236437,0.001986198,0.043708803,0.009741189,0,0.333867188,0,0,0,0,0,0,0
166,37,15-Nov,7,6,0.127595,0.76557,One,S33,Ung,6,0.003548777,0,0,0,0,0,0,0,0.000689596,0,0,0,0.00809467,0,0,0,0,0.000405336,0,0.000104017,0,0,0,0,0.054060976,0.007983319,0,0,0,0,0,0,0,0,0,0,0,0,0,0,0,0,0,0,0,0,0.099364178,0,0,0,0,0,0,0
167,45,15-Nov,17,6,0.127595,0.76557,One,S33,Ung,11,0,0,0,0.001954321,0,0,0,0,0.000170644,0,0,0,0,0,0,0,0,0.002372904,0,0,0.001125982,0,0,0.006730079,0.062409305,0.030981421,0,0,0,0,0,0,0,0,0,0,0,0.000354387,0,0,0,0,0,0,0,0,0.423865961,0,0.00030703,0,0,0,0,0
168,52,17-Nov,3,6,0.127595,0.76557,One,S33,Ung,12,0,0,0,0.00281465,0,0,0,0,0,0,0,0,0,0,0,0,0,0.006242591,0,0,0.003559458,0,0,0,0.056976196,0.034165337,0,0,0,0,0,0,0,0.005087462,0.000784662,0,0,0.00296652,0,0,0,0,0,0,0.076555481,0.008780983,0.928360251,0,0,0.000385337,0,0,0,0
169,58,17-Nov,10,6,0.127595,0.76557,One,S33,Ung,7,0,0,0,0,0,0,0,0,0.002253669,0,0,0,0,0,0,0,0,0.003380412,0.00011308,0,0.001381077,0,0,0.006949834,0.151208108,0.015488155,0,0,0,0,0,0,0,0.003118975,0,0,0,0,0,0,0,0,0,0,0.043467818,0,0.353881433,0,0,0,0,0,0,0
170,90,20-Nov,2,6,0.127595,0.76557,One,S33,Ung,8,0,0,0.015250976,0,0,0,0,0,0.008441387,0,0,0,0.004271941,0,0,0,0,0.02014932,0,0.000735189,0.000193692,0,0,0.003066576,0.16544514,0.039878937,0.000640518,0,0,0,0,0,0,0,0.00229724,0,0,0,0,0,0,0,0,0,0.007506528,0.00507927,0.866965772,0,0,0.001015749,0.000942245,0,0,0
171,107,20-Nov,19,8,0.127595,1.02076,One,S33,Ung,13,0,0.000180576,0,0,0,0,0,0,0.004204095,0,0,0,0,0,0.00042003,0,0,0,0,0.000305434,0,0,0,0.001084259,0.034040384,0,0,0,0,0,0,0,0,0,0,0,0,0,0,0,0,0,0,0,0.007971345,0,0,0,0,0,0,0,0,0
172,228,14-Jan,19,6,0.127595,0.76557,One,S33,Ung,28,0,0,0.004317724,0.005605616,0.008810955,0,0,0,0.012461803,0,0,0.000154689,0.002039875,0,0,0,0,0.011330345,0,0.001035529,0.006671808,0,0,0.003285541,0.095510015,0.065341225,0,0,0,0.004567003,0,0,0,0.00642213,0,0,0,0.002509702,0,0.001366203,0,0.000651573,0,0,0.007876484,0.003500007,1.564566809,0,0,0,0,0,0,0
173,234,15-Jan,6,6,0.127595,0.76557,One,S33,Ung,38,0,0,0.00482861,0,0,0,0.002492774,0.01686144,0,0.006962408,0,0,0,0.035042225,0,0,0,0.005428332,0,0,0,0.002144532,0,0.017912567,0.229057601,0.005756469,0.025780718,0,0,0,0,0.063604146,0.000577743,0.007491062,0.031264619,0,0,0,0,0,0.001185085,0,0,0,0,0.232263065,0.12339737,0,0,0.005034883,0,0,0,0
174,239,15-Jan,11,8,0.127595,1.02076,One,S33,Ung,32,0,0.001009533,0.004728411,0,0,0,0,0,0,0,0,0,0,0,0,0,0,0.000841562,0,0,0,0,0,0.002253669,0,0,0,0,0,0,0,0,0,0,0,0,0,0,0,0,0,0,0,0,0,0,0,0,0,0,0,0,0,0
175,241,15-Jan,13,7,0.127595,0.893165,One,S33,Ung,33,0,0,0.015857272,0.003122431,0,0,0,0,0.002771162,0,0,0,0,0,0,0,0,0.004872277,0,0.000365842,0.005418101,0,0,0.001707231,0,0.033939655,0,0,0,0,0,0,0,0,0,0,0,0.002793972,0,0.000867102,0,0,0,0,0.01030568,0,0.656317473,0,7.67E-05,0,0,0,0,0
176,244,15-Jan,16,6,0.127595,0.76557,One,S33,Ung,31,0,0,0,0.001202967,0,0,0,0,0.117499161,0,0,0,0,0,0,0,0,0.012521106,0,0.009388809,0.003108009,0,0,0.007818651,0.281003513,0.037726487,0,0,0,0.007364113,0.000223401,0.00E+00,0,0.015919969,0.008483071,0,0,0,0,0.0015624,0,0,0,0.002329811,0,0.002414553,0.310590711,0,0,0,0,0,0,0
177,258,20-Jan,13,8,0.127595,1.02076,One,S33,Ung,34,0,0.00186347,0,0,0.007324567,0,0,0,0.007179554,0.003311133,0.001817599,0.001586185,0,0,0,0,0.001071302,0.021156943,0.004831597,0.000574631,0,0.00027195,0,0.004253385,0.165942814,0,0.000693089,0,0.001178018,0.017389082,0,0,0,0.021834763,0,0,0,0.002495276,0,0.003600728,0,0.000552356,0.000744933,0,0,0.028715166,0,0,0,0.000385425,0,0,0,0
178,270,22-Jan,9,8,0.127595,1.02076,One,S33,Ung,36,0,0,0,0,0,0,0,0,0,0,0,0,0,0,0,0,0,0,0,0,0,0,0,0.001650736,0,0.006024814,0,0,0,0,0,0,0,0,0,0,0,0,0,0,0,0.000313409,0,0,0,0,0.077085346,0,0,0,0,0,0,0
179,272,22-Jan,11,8,0.127595,1.02076,One,S33,Ung,30,0,0,0,0,0,0.00325255,0,0.002573299,0.025768742,0.005093184,0,0.000963495,0,0,0,0,0.002584024,0.013537442,0,0.002160375,0,0,0,0.019082546,0.282775464,0,0,0,0,0.007722973,0,0.005866329,0,0,0,0,0,0.001628064,0.007970255,0.004036558,0,0.001384085,0.005088327,0.02514826,0,0.011077132,0,0,0,0.000247976,0,0,0,0
180,275,22-Jan,14,7,0.127595,0.893165,One,S33,Ung,35,0,0,0.008142694,0,0,0,0.002471966,0.000654361,0,0.005172305,0,0,0,0,0,0,0,0.003402992,0,0,0,8.74E-05,0,0.010772969,0.299715768,0.004930999,0.007163505,0,0.00064905,0,0.000601075,0,0,0,0.019913194,0,0,0,0,0,0,0.000454845,0,0,0,0.014207037,0.083088518,0,0.003921907,0.00069175,0,0,0,0
181,8,13-Nov,11,7,0.08984,0.62888,Two,DVT,Ung,12,0,0.001628858,0,0,0,0,0,0,0.005632324,0,0,0,0,0,0,0,0,0,0.002557082,0.000654423,0,0,0,0.04740596,0.260414523,0,0,0,0,0.003921133,0,0.003179044,0,0,0,0.006860057,0.006937407,0,0,0,0,0,0,0,0,0.006983084,0.012895124,0,0,0.002130285,0,0,0,0
182,14,13-Nov,19,7,0.08984,0.62888,Two,DVT,Ung,10,0,0.000662825,0,0,0,0,0,0,0,0,0,0,0,0,0,0,0,0,0,0,0.000908247,0,0,0.015086824,0.127686766,0.021156622,0,0,0,0,0,0.013856723,0,0,0,0,0.014714853,0,0.000253478,0,0,0,0,0,0,0.003088812,0.55631529,0,0,0.003272983,0,0,0,0
183,29,14-Nov,16,7,0.08984,0.62888,Two,DVT,Ung,9,0,0.002074294,0,0,0,0,0,0,0,0,0,0,0,0,0,0,0,0,0.00083172,0,0,0,0,0,0.093842461,0.019367023,0,0,0,0,0,0.005255687,0,0,0,0.000499555,0.000997527,0,0,0,0,0,0.001214312,0,0,0,0.557175979,0,0,0,0,0,0,0
184,39,15-Nov,9,7,0.08984,0.62888,Two,DVT,Ung,6,0,0,0,0,0,0,0,0,0.023093982,0,0,0,0.001882573,0,0,0,0,0.00249749,0,0.002493198,0,0,0,0,0,0,0,0,0,0.000973438,0,0,0,0,0,0,0.000374558,0,0,0,0,0,0,0,0,0,0,0,0,0,0,0,0,0
185,44,15-Nov,16,7,0.08984,0.62888,Two,DVT,Ung,8,0,0.000452928,0,7.97E-05,0,0,0,0,0,0,0,0,0.000500137,0,0,0,0,0.00293826,0,0,0.001198766,0,0,0.003969956,0,0.024767612,0,0,0,0,0,0.001861712,0,0,0,0,0.013011335,0,0,0,0,0,0,0,0,0,0.726638789,0,0,0.000515474,0,0,0,0
186,73,18-Nov,4,6,0.08984,0.53904,Two,DVT,Ung,14,0,0.000530609,0,0,0,0,0,0,0,0,0,0,0,0,0,0,0,0.003471051,0,0,0,0,0,0.003263712,0,0.013946514,0,0,0,0,0,0.005566463,0,0,0,0.006772102,0.005054748,0,0,0,0,0,0,0,0,0.000313103,0.446674528,0,0,0.000227531,0,0,0,0
187,81,18-Nov,12,6,0.08984,0.53904,Two,DVT,Ung,13,0,0.000789286,0,0,0,0,0.000987653,0.003949733,0.00E+00,0,0,0,0,0,0,0,0,0,0,0,0,0,0,0.01743148,0.351278883,0.01386056,0.002170142,0,0,0,0,0,0,0,0.00190066,0.010285874,0.004240461,0,0,0,0,0,0,0,0,0.057315024,0.437184966,0,0,0.002706566,0,0,0,0
188,103,20-Nov,15,6,0.08984,0.53904,Two,DVT,Ung,7,0,0.000651189,0,0.00130172,0,0,0,0,0,0,0,0,0,0,0,0,0,0,0,0.000191244,0.001451138,0,0,0.017604701,0.611259087,0.036499013,0,0,0,0,0.000888184,0.004404049,0,0,0,0,0.004532294,0,0.000812459,0,0,0,0,0,0.010803328,0.003198924,0.672141661,0,0,0.000670047,0,0,0,0
189,125,30-Nov,15,8,0.08984,0.71872,Two,DVT,Ung,4,0,0,0,0,0.015077935,0,0,0,0.019324565,0.002731482,0.018414883,0.000431725,0.000308663,0,0,0,0,0.007982336,0.076310309,0.002032324,0,0,0,0.008289031,0.125117743,0,0,0,0,0.009152567,0,0,0.002114963,0.030988987,0,0,0.004438364,0,0,0,0,0.001440219,0.003512487,0.029273845,0,0,0.005304161,0,0,0,0,0,0,0
190,175,12-Jan,2,8,0.08984,0.71872,Two,DVT,Ung,24,0,0,0,0,0,0,0,0.001623507,0.047869497,0.002482619,0,0,0,0,0.000234235,0,0.001053572,0.0214143,0,0.005161479,0,0,0,0.018052639,0,0,0,0,0.001952023,0.007047148,0.000536115,0.007221352,0,0,0,0,0,0,0,0.003154852,0,0.002292701,0.00281332,0,0,0.048795259,0,0,0,0.002275279,0,0,0,0
191,220,14-Jan,10,7,0.08984,0.62888,Two,DVT,Ung,33,0,0.00021647,0,0,0.004701335,0.001567925,0,0.000433793,0.021114414,0,0,0,0.000272967,0,0,0,0.001287858,0.004344927,0,0.00153781,0,0,0,0.001815683,0,0.000335758,0,0.162929227,0.004863583,0,7.71E-05,0.001800027,0,0,0,0,0.007379744,0,0,0,0,0.000504793,0.001502047,0,0,0.004554953,0,0,0,1.06E-05,0,0,0,7.42E-05
192,242,15-Jan,14,6,0.08984,0.53904,Two,DVT,Ung,32,0,0,0,0,0,0,0,0,0.022461336,0.006150487,0,0,0,0,0,0,0,0.012011229,0,0.002021469,0,0,0,0.001932846,0,0,0,0.168832727,0.001240935,0,0,0.000741786,0,0.016459076,0,0,0,0,0,0,0,0,0.002669947,0,0,0.008828164,0,0,0,0.000808909,0,0,0,0.001625587
193,255,20-Jan,10,7,0.08984,0.62888,Two,DVT,Ung,31,0,0,0.000921486,0,0.009227976,0,0,0,0.022519678,0,0.000521986,0,0,0,0,0,0.005954745,0.011423896,0,0.001831297,0,0,0,0.013384292,0.097098497,0,0,0.170265001,0.003458494,0.005573567,0,0.001453306,0,0.017160986,0,0.001647361,0,0,0,0.001334864,0,0.00100451,0.006428699,0,0.011705694,0.014373292,0.001989428,0,0.005594455,0.00093804,0.00415074,0,0,0.003786985
194,262,20-Jan,17,7,0.08984,0.62888,Two,DVT,Ung,29,0,0,0.017206387,0,0.003695265,0,0,0.000206064,0.009397941,0.007269551,0.001796001,0.001428928,0,0,0,0,0,0.024173456,0,0.000678375,0,0,0,0.00537226,0,0,0,0,0,0.015888366,0.000701559,0,0.003583429,0.024236568,0,0,0.023979348,0,0,0.004098905,0,0.00054581,0,0,0,0.044602112,0.025401409,0,0,0.001745983,0,0,0,0
195,281,24-Jan,2,9,0.08984,0.80856,Two,DVT,Ung,30,0,0,0,0,0,0,0.000463994,0,0.004806466,0,0,0,0.000730628,0,0,0,0,0,0.000988722,0,0,0,0,0.012046376,0.221571977,0,0.000946198,0,0,0,0,0.001577512,0,0,0,0,0.000500141,0.006802978,0,0,0,0,0,0,0.004334388,0.003214452,0.007580736,0,0,0,0.001970214,0,0,0
196,26,14-Nov,13,7,0.09239,0.64673,Two,NP,Ung,2,0.007363986,0.000706414,0,0,0,0,0,0,0,0,0,0,0,0.001757977,0,0,0,0,0.000344601,0,0,0,0,0.007178455,0.071904017,0.010288591,0,0,0,0.00072232,0,0.003529314,0,0,0,0.003660211,0,0,0,0,0,0,0,0,0,0.001056425,0.236628988,0,0,0,0,0,0,0
197,27,14-Nov,14,7,0.09239,0.64673,Two,NP,Ung,7,0,0,0,0,0,0,0,0,0.004572133,0,0,0,0,0.001130242,0,0,0,0,0.001254067,0,0,0,0,0,0.043579519,0.008567655,0,0,0,0.001902906,0.000546118,0.003019859,0,0,0,0,0,0,0.000125629,0,0,0,0,0,0,0.004026159,0.196076937,0,0,0,0,0,0,0
198,28,14-Nov,15,6,0.09239,0.55434,Two,NP,Ung,12,0,0,0,0,0,0,0,0,0.031378084,0,0,0,0,0.003052218,0,0,0,0.013480954,0.004119637,0.002759336,0,0,0,0,0.005037393,0.006836584,0,0,0,0.008078416,0,0,0,0,0,0.004624904,0,0,0,0,0,0.001501391,0.003218713,0,0,0.007074327,0.154592485,0,0,0,0,0,0,0
199,59,17-Nov,11,7,0.09239,0.64673,Two,NP,Ung,4,0.009282327,0.000599065,0,0,0,0,0,0,0,0,0,0,0,0.001039974,0,0,0,0.001167255,0,0,0,0,0,0,0.049310019,0.009035146,0,0,0,0,0,0,0,0,0,0,0,0,0,0,0,0,0,0,0.099148852,0,0.150304548,0,0,0,0,0,0,0
200,65,17-Nov,18,7,0.09239,0.64673,Two,NP,Ung,13,0.007501263,0.000742598,0,0,0.028692953,0,0,0,0.021331752,0.003328159,0,0,0,0.002913271,0,0,0,0.015423534,0.00301243,0.001942845,0,0,0,0,0.215494757,0.006270651,0,0,0,0.009263727,0,0,0,0.020687482,0,0.005366954,0,0,0,0,0,0.000843068,0.00147554,0.003710474,0.061882467,0.011946956,0.183346278,0,0,0,0,0,0,0
201,66,17-Nov,19,7,0.09239,0.64673,Two,NP,Ung,9,0.005246683,0,0,0,0,0,0,0,0,0,0,0,0,0.001302559,0,0,0,0,0,0,0,0,0,0,0.058464477,0,0,0,0,0,0,0,0,0,0,0,0,0,0,0,0,0,0,0,0.094361048,0.000987072,0,0,0,0,0,0,0,0
202,78,18-Nov,9,6,0.09239,0.55434,Two,NP,Ung,10,0,0.001251429,0,0,0,0,0,0,0.00E+00,0.003495346,0,0,0,0,0,0,0,0.003458388,0,0,0,0,0,0,0.355842853,0.011206472,0,0,0,0,0,0,0,0,0,0,0,0,0,0,0,0,0,0,0,0.00144657,0.374960241,0,0,0,0,0,0,0
203,129,30-Nov,19,8,0.09239,0.73912,Two,NP,Ung,11,0.007662264,0.001239952,0,0,0.021518201,0,0,0.002556597,0,0.000387093,0.019314285,0,0.00E+00,0.002524852,0.000955861,0.005772378,0.003633212,0.006679447,0.089209553,8.48E-05,0,0,0,0,0.054106127,0.020710376,0,0,0.010497958,0,0,0.002071846,0,0.024423895,0.002533476,0.006267731,0,0,0,0,0,0,0,0,0,0.015528301,0.555668723,0,0,0,0,0,0,0
204,168,15-Dec,3,7,0.09239,0.64673,Two,NP,Ung,24,0,0.001213226,0,0.002267539,0,0,0,0,0,0,0.001178217,0,0.00E+00,0,0,0,0,0.001273585,0,0,0.001957528,0,0,0.028217131,0.738145341,0.028250428,0,0,0,0,0,0,0,0,0,0,0,0,0,0,0,0,0,0,0,0.002557638,0.380502611,0,0,0,0,0,0,0
205,172,19-Dec,4,6,0.09239,0.55434,Two,NP,Ung,21,0,0.002093965,0,0,0,0,0,0.001612503,0,0,0,0,0,0,0,0,0.002996574,0.004686656,0,0,0,0,0,0,0.075879969,0.016635573,0,0,0.003381911,0,0,0.005272243,0,0,0,0.01964178,0,0,0,0,0,0.000223223,0,0,0.020478056,0.004631412,0.467438882,0,0,0,0,0,0,0
206,205,13-Jan,12,6,0.09239,0.55434,Two,NP,Ung,36,0.005596645,0.001904504,0,8.50E-05,0.014994971,0,0,0,0,0,0,0,0,0,0,0,0,0.002061892,0.000510985,0,0.000712029,0,0,0,0.190081085,0.016870411,0,0,0,0,0,0,0,0.001143784,0,0.000634474,0,0,0,0,0,0,0,0,0,0,0.258095764,0,0,0,0,0,0,0
207,226,14-Jan,16,6,0.09239,0.55434,Two,NP,Ung,31,0.002646343,0.000437577,0,0.003154032,0.005162789,0.001004799,0,0.001012244,0,0,0,0,0,0,0,0,0.000596465,0.002989818,0,0,0.003311593,0,0,0,0.307538384,0.037644428,0,0,0.001192148,0,0,0.001642729,0,0,0,0.00318685,0,0,0.00024647,0,0,0,0,0,0,0.011939938,0.583142449,0,0,0,0,0,0,0
208,249,20-Jan,4,7,0.09239,0.64673,Two,NP,Ung,32,0,0.004135498,0,0.008377717,0.013831044,0.010451291,0,0.002725543,0,0.014165461,0,0,0,0,0,0,0.006551894,0.013512962,0,0,0.015944245,0,0,0,0.088342559,0.094298231,0,0,0.014311149,0.001564406,0,0.007323876,0.001659861,0.006773284,0.006981292,0.009498315,0,0.013032734,0.002015025,0,0,0.000283704,0,0,0,0.02973625,2.068736763,0,0,0,0,0.00210272,0,0
209,304,2-Feb,2,7,0.09239,0.64673,Two,NP,Ung,41,0.005449188,0.002076748,0,0,0.004036605,0.001601565,0,0,0.01091083,0,0.001616645,0,0,0,0,0,0,0.003541115,0.001718365,0.001001464,0.000650444,0,0,0,0.080715763,0.008960395,0,0,0,0.003768826,0,0,0,0,0,0.002046379,0,0,0,0,0,0,0,0,0,0.005294839,0.173344305,0,0,0,0,0,0,0
210,309,5-Feb,3,6,0.09239,0.55434,Two,NP,Ung,40,0.010493569,0.00198143,0,0.002214481,0.007687865,0,0.000523285,0,0,0,0,0,0,0,0,0.001829992,0.00080612,0.002728083,0,0,0.006314148,0,0,0.013530404,0.228272923,0.025236536,0,0,0,0,0,0,0,0.005141406,0,0,0,0.007149913,0,0,0,0,0,0,0,0.004804211,0.48527616,0,0,0,0,0,0,0
211,10,13-Nov,14,6,0.08586,0.51516,Two,SC,Ung,11,0,0,0,0,0,0,0,0.005546727,0,0,0,0,0.000901231,0,0,0.006251656,0.003384147,0,0,0,0.00465806,0,0,0.016969469,0.444578953,0.047889562,0,0,0.00970581,0,0,0.016274028,0,0,0,0.006680515,0,0,0.00166126,0,0,0,0,0,0,0,0.96773659,0,0,0.0040849,0.001392181,0,0,0
212,16,14-Nov,2,6,0.08586,0.51516,Two,SC,Ung,2,0,0.001665823,0,0,0,0,0,0.002397145,0.000773031,0,0,0,0,0.002145584,0,0,0,0,0.001041907,0,0,0,0,0,0.026435091,0.019851167,0,0,0.002744598,0,0,0.002198149,0,0,0,0.002720606,0,0,0,0,0,0,0,0,0,0,0.594190358,0,0,0,0,0,0,0
213,30,14-Nov,18,6,0.08586,0.51516,Two,SC,Ung,5,0,0.001122245,0,0,0,0,0,0,0,0,0,0,0,0.003161452,0,0,0,0,0.001707259,0,0.000468853,0,0,0.033254273,0.629371677,0.026647664,0,0,0,0,0,0.000417908,0,0,0,0.001179058,0,0,0,0,0,0,0,0,0,0,0.732998412,0,0,0,0,0,0,0
214,49,15-Nov,22,8,0.08586,0.68688,Two,SC,Ung,9,0.002551697,0,0,0,0,0,0.000995033,0,0.002868508,0,0,0,0.000330822,0.001245098,0,0,0,0,0,0.000348673,0.001047003,0,0,0.004628192,0.143377716,0.011311482,0,0,0,0,0,0.001264897,0,0,0,0,0,0,0,0,0,0,0,0,0,0,0.24911808,0,0,0,0.000983745,0,0,0
215,69,17-Nov,22,8,0.08586,0.68688,Two,SC,Ung,12,0,0.001271861,0,0.001801502,0,0.002148279,0,0.002121399,0.021564913,0.001742732,0,0,0,0.001331977,0,0,0.000728048,0.012167368,0.00263422,0.00171989,0.002234906,0,0,0.007689862,0.138612594,0.023694952,0,0,0.002601944,0.007752718,0,0.006960269,0,0.014788824,0.002538597,0.002458126,0,0.000464787,0,0,0,0.00094124,0.002557567,0.018559178,0.086452578,0,0.382358063,0,0.000237591,0.00061637,0,0,0,0
216,71,18-Nov,2,7,0.08586,0.60102,Two,SC,Ung,10,0,0,0,0,0,0,0,0.000306131,0.000326614,0,0,0,0,0,0,0,0,0,0,0,0.000341812,0,0,0.001556426,0,0.029804991,0,0,0,0,0,0.002730175,0,0.004262825,0,0,0,0,0,0,0,0,0,0,0,0,0.473589707,0,0,0,0,0,0,0
217,79,18-Nov,10,7,0.08586,0.60102,Two,SC,Ung,8,0,0.000383844,0,0,0,0,0,0,0.028780041,0.001781037,0,0,0,0,0,0,0,0,0,0.003539428,0,0,0,0.008630754,0.166092329,0,0,0,0,0.002379932,0,0.001758724,0,0.006322559,0,0,0,0,0,0,0,0.000740629,0,0.002180209,0,0,0,0,0,0,0,0,0,0
218,127,30-Nov,17,12,0.08586,1.03032,Two,SC,Ung,7,0.007151522,0.002102644,0,0,0.01314014,0,0.001702176,0.001304897,0.015734218,0.006245223,0.01286605,0.001779636,0,0.003048977,0.001200982,0,0,0.01766009,0.062770522,0.00161102,0.000579912,0,0,0.014522275,0.189232896,0.008720435,0.001197577,0,0,0.014791468,0,0.000386841,0,0.034941068,0.001414061,0.00331058,0,0.001882387,0,0.00421185,0,0.001326529,0.000626327,0.040884138,0,0,0.199693636,0,0,0.000857057,0,0,0,0
219,179,12-Jan,6,10,0.08586,0.8586,Two,SC,Ung,31,0,0.003340911,0,0.002727152,0,0,0,0.001249995,0,0.0019124,0,0,0,0,0,0,0,0.004746318,0,4.82E-05,0.000527305,0,0,0.004632056,0.095238165,0.029432125,0.00175321,0,0.002764796,0,0,0.01138059,0.002772965,0,0,0.003225326,0,0,0,0,0,0.000187117,0,0,0.011992819,0,0.845868934,0,0,0.003051764,0,0,0,0
220,182,12-Jan,9,7,0.08586,0.60102,Two,SC,Ung,28,0,0.002518172,0,0.002549188,0,0,0.003920094,0.002401677,0,0.010010568,0,0,0,0,0,0,0,0.008720158,0,3.86E-05,0.002401756,0,0,0.011539366,0.284250072,0.047469862,0,0,0,0,0,0.028533133,0,0,0,0.009603779,0,0,0,0,0,0.000453838,0,0,0.011320816,0.039471298,0.965044551,0,0,0.002721937,0,0,0,0
221,208,13-Jan,15,6,0.08586,0.51516,Two,SC,Ung,35,0.004528216,0.000803398,0,0.002431408,0.01857576,0.003234754,0,0,0,0,0,0,0.000102928,0,0.000466703,0,0,0,0.000216345,0,0.003743116,0,0,0.038150088,0.813052441,0.053958465,0,0,0.00301997,0,0,0.003151399,0,0.000852328,0,0.00959479,0,0.005683924,0,0,0,0,0,0,0.01085952,0,0.988871709,0,0,0,0,0,0,0
222,212,14-Jan,2,7,0.08586,0.60102,Two,SC,Ung,36,0.004248207,0.002813428,0,0.005440632,0,0.006538159,0,0.001406046,0.004415183,0.003631431,0,0,0.000627514,0,0.000459906,0,0.002140531,0.007600525,0,0.00024137,0.007680121,0,0,0.004610722,0.054115158,0.058815552,0,0,0.006189925,0,0,0.003973305,0,0.005119975,0,0.008299574,0,0.005209777,0,0.00054419,0,0.000168834,0,0,0,0,1.150851481,0,0,0.000819557,0,0,0,0
223,219,14-Jan,9,6,0.08586,0.51516,Two,SC,Ung,32,0.007018504,0.002421845,0,0.002425019,0,0.000822528,0,0.001310691,0.005444449,0,0,0,0.000604747,0,0,0,0.003634906,0,0,0.00033844,0.004860801,0,0,0.010749745,0.951154512,0.028232755,0,0,0.003827251,0,0,0.001411693,0,0,0,0.00789053,0,0,0,0,0,0.000135645,0,0,0.017008398,0,0.39117753,0,0.000205081,0,0,0,0,0
224,248,20-Jan,3,8,0.08586,0.68688,Two,SC,Ung,34,0,0.002138477,0,0.004941869,0.010193839,0,0.001061348,0.004624127,0.016387019,0.003032776,0,0,0,0,0,0,0,0.014695693,0,0.001854025,0.006775553,0.00495476,0,0.003486837,0.075087629,0.046444807,0,0,0,0.008473593,0,0.00340774,0,0.017112291,0,0.001601249,0,0.009699336,0,0.000840341,0,0.00088495,0,0,0.010456225,0.077259902,0.717406771,0,0.000586159,0.008709131,0,0,0,0
225,250,20-Jan,5,6,0.08586,0.51516,Two,SC,Ung,37,0,0.001449187,0,0.009869737,0.007876813,0,0,0.010731152,0,0,8.23E-06,0.000198071,0,0,0,0,0.008869046,0.009575567,0,0,0.019511552,0.026155515,0,0.009511625,0.233626658,0.090715287,0,0,0.00326998,0,0,0.013129319,0,0.005503448,0.00352065,0,0,0.016863234,0,3.39E-05,0,8.69E-05,0,0,0.015084886,0.155611961,1.548819245,0,0.004204381,0.019368436,0.003446462,0,0,0
226,20,14-Nov,7,6,0.09182,0.55092,Four,DEL4,Ung,8,0.008824481,0.001245501,0,0,0,0,0,0,0.000746962,0,0,0,0,0.002320031,0,0,0,0,0,0,0,0,0,0,0,0.026370041,0,0,0,0,0,0,0,0,0,0,0,0,0,0,0,0,0,0,0,0,0.659692694,0,0,0.000670245,0,0,0,0
227,22,14-Nov,9,6,0.09182,0.55092,Four,DEL4,Ung,3,0.008273877,0.003708253,0,0,0,0,0,0,0,0,0,0,0.000729015,0.005474115,0,0,0,0,0.000676088,0,0,0,0,0,0,0.004268059,0,0,0,0,0,0,0,0,0,0,0,0,0,0,0,0,0,0,0,0,0.034791928,0,0,0,0,0,0,0
228,36,15-Nov,6,6,0.09182,0.55092,Four,DEL4,Ung,15,0.007123876,0.000603122,0,0,0,0,0.000162927,0,0.003556852,0,0,0,0.00026887,0.004031576,0,0,0,0.001679496,0,0.000218986,0,0,0,0,0,0,0,0.057977931,0,0,0,0,0,0,0,0,0,0,0,0,0,0,0,0,0,0.000971709,0,0,0,0,0,0,0,0
229,51,17-Nov,2,8,0.09182,0.73456,Four,DEL4,Ung,7,0,0,0,0,0,0,0,0,0.000973989,0.002193772,0,0,0,0,0,0,0,0.008001005,0.000631222,0.000220257,0,0,0,0,0,0.004524988,0,0.115064495,0,0,0,0,0,0.013734066,0,0,0,0,0,0,0,0.001006347,0,0,0,0,0.094433217,0,0,0,0,0,0,0
230,61,17-Nov,13,8,0.09182,0.73456,Four,DEL4,Ung,4,0,0.001623613,0,0,0,0.000989917,0,0.000572512,0.001257254,0,0,0,0,0.001281975,0,0,0,0.003320683,0.000211434,0,0.001036219,0,0,0,0,0.020314255,0,0,0.000711893,0,0,0.000189547,0,0.002384213,0,0,0,0,0,0,0,0,0,0,0.058487454,0.001721788,0.334206556,0,0,0,0,0,0,0
231,64,17-Nov,17,6,0.09182,0.55092,Four,DEL4,Ung,11,0,0.000365962,0,0,0,0,0,0,0.002827601,0,0,0,0,0,0,0,0,0.001625817,0.000567606,0.000623512,0,0,0,0,0,0,0,0,0,0,0,0,0,0.003550827,0,0,0,0,0,0,0,6.09E-05,0,0,0.078522891,0,0,0,0,0,0,0,0,0
232,92,20-Nov,4,6,0.09182,0.55092,Four,DEL4,Ung,14,0,0.000883711,0,0,0,0.001821311,0,0.000895893,0.004754362,0,0,0,0.000348373,0,0,0,0.001123456,0,0,0,0.002178503,0,0,0,0,0.03672595,0,0,0,0,0,0.004180047,0,0,0,0,0,0,0.006947068,0,0,0,0,0,0,0.009315276,0.854675146,0,0,0,0,0,0,0
233,96,20-Nov,8,8,0.09182,0.73456,Four,DEL4,Ung,12,0,0.001271423,0,0,0,0,0,0.001013739,0,0,0,0,0,0,0,0,0,0,0,0,0,0,0,0.034028537,0,0,0,0,0,0,0,0.003320638,0,0,0,0.001118977,0,0,0.000404079,0,0,0,0,0,0,0.005588013,0,0,0,0.002769702,0,0,0,0
234,115,30-Nov,5,10,0.09182,0.9182,Four,DEL4,Ung,9,0.009495498,0.00163582,0,0,0.010937806,0,0,0.000489086,0,0,0.014857716,0,0.000606886,0.001354378,0.012212367,0,0,0.006735427,0.058955811,0,0.000827146,0,0,0,0,0.016405879,0,0,0,0.002936241,0,0,0,0.021899549,0,0,0,0.004880011,0,0,0,0.000932952,0,0,0,0.008080482,0.293069061,0,0,0.001874409,0,0,0,0
235,203,13-Jan,10,6,0.09182,0.55092,Four,DEL4,Ung,30,0.003381398,0.000664013,0,0.005327605,0.012592663,0,0,0,0,0,0,0,0.001051028,0,0,0,0,0.006285443,0,0,0.004169563,0,0,0.057825114,0.994936969,0.070150679,0.000297677,0.085573977,0,0,0,0.015483695,0,0.001569937,0.003209469,0,0,0,0,0,0,0,0,0,0,0.003316731,1.432165101,0,0.000850604,0.000665442,0,0,0,0
236,214,14-Jan,4,6,0.09182,0.55092,Four,DEL4,Ung,32,0.005119313,0.002074334,0,0,0,0,0,0,0,0,0,0,0.002062842,0,0,0,0,0,0,0,0,0,0,0,0,0,0,0,0,0,0,0,0,0,0,0.005909356,0,0,0,0,0,0,0,0,0,0,0,0,0,0,0,0,0,0
237,215,14-Jan,5,9,0.09182,0.82638,Four,DEL4,Ung,28,0.003831239,0.001509615,0,0.005403303,0,0.001926831,0,0,0.003879502,0.000494994,0,0.000238333,0.000854004,0,0.00087756,0,0.00187788,0.007773845,0,0.000366003,0.006944895,0,0,0,0,0.064905252,0,0,0.003974475,0,0,0.00011069,0,0,0,0.010389472,0,0.004732997,0,0.001580219,0,0.000215243,0,0,0,0.006726498,1.243398667,0,0.001526021,0,0,0,0,0
238,218,14-Jan,8,6,0.09182,0.55092,Four,DEL4,Ung,31,0.005951548,0.001119755,0,0,0.006218245,0,0,0,0,0.001841342,0,0,0.001110416,0,0,0,0,0.002614062,0,0,0,0,0,0,0,0.000536364,0,0,0,0,0,0.003585345,0,0,0,0.005679343,0,0,0,0,0,0,0,0,0,0,0.006558698,0,0,0.00056038,0,0,0,0
239,274,22-Jan,13,6,0.09182,0.55092,Four,DEL4,Ung,29,0,0.004464191,0,0.007184792,0,0.002545656,0,0.000805623,0,0,0,0,0,0,0,0,0.001815968,0.008132944,0,0,0.006964865,0,0,0,0,0,0,0,0.007821702,0,0.000674603,0.00825585,0,0,0,0.003712694,0,0,0,0.001759124,0,0.00049646,0,0,0,0.031485575,1.48035407,0.001398834,0,0,0,0,0,0
240,307,2-Feb,8,6,0.09182,0.55092,Four,DEL4,Ung,37,0.009325172,0.001545506,0,0.002876856,0.00592518,0,0.001103996,0,0.00461451,0.005667481,0,0,0,0,0,0.002420412,0,0.00717567,0.001642762,0.000106748,0.006092734,0,0,0,0,0.054053977,0,0,0.001549312,0,0,0.001320566,0,0,0,0,0,0,0.000341132,0,0,0.000506115,0,0,0,0.008179022,0.807795705,0,0,0,0,0,0,0
241,63,17-Nov,16,6,0.11397,0.68382,Four,DEM,Ung,13,0,0.001029298,0,0.000840871,0,0,0,0,0.003949596,0,0,0,0,0.000336808,0,0,0,0.004811065,0.000687378,0.000549655,0.001932636,0,0,0.002737831,0.150157806,0.027567436,0,0,0,0,0,0,0,0.004300989,0,0,0.001590801,0,0,0,0,0.000214805,0,0,0.081642402,0.001041726,0.490991707,0,0,0,0,0,0,0
242,86,18-Nov,18,8,0.11397,0.91176,Four,DEM,Ung,8,0.005161285,0.001258855,0,0,0,0,0,0,0,0,0,0,0,0,0,0,0,0.002476653,0,0,0.001076632,0,0,0.012245236,0.111903824,0.018338851,0,0,1.96E-05,0,1.05E-05,0,0,0,0,0.001568653,0.000667742,0,0,0,0,0,0,0,0,0.003261547,0.533860389,0,0,0.000409868,0,0,0,0
243,104,20-Nov,16,6,0.11397,0.68382,Four,DEM,Ung,10,0,0.00044604,0,0.003291716,0,0,0,0,0.006505192,0,0,0,0,0,0,0,0.018707784,0.025416873,0,0.000747086,0,0,0,0.04136673,2.137971455,0.032496578,0,0,0,0,0,0.003134316,0,0,0,0,0.006625711,0,0,0.000706228,0,0,0,0,0.013505187,0.003967787,0.937437501,0,0,0.000830421,0,0,0,0
244,109,20-Nov,21,7,0.11397,0.79779,Four,DEM,Ung,11,0,0.000536603,0,0.000176357,0,0,0,0,0,0.000264878,0,0,0,0,0,0,0,0,0,0,0.000493681,0,0,0.014236115,0.166728141,0.023606517,0,0,0,0,0,0.001716251,0,0,0,0,0.006788002,0,0,0,0,0,0,0,0.004479753,0.001402294,0.606265444,0,0,0,0,0,0,0
245,117,30-Nov,7,7,0.11397,0.79779,Four,DEM,Ung,14,0.009641454,0.001784803,0,0.001020139,0.012780752,0.00219532,0.001826883,0.008858164,0,0.00820308,0.016446345,0,0.00E+00,0.007512346,0.003907927,0,0.002659056,0.006459744,0.070608459,0.000158544,0.001486619,0.000939321,0,0.055569149,1.03069784,0.027122102,0.006379737,0,0.00465307,0.003153121,0,0.02234826,0.005990712,0.022621552,0,0.013590623,0.005399044,0,0,0,0,0.000850527,0,0,0,0.096019689,0.416998327,0,0.000569008,0.008823989,0,0,0,0
246,199,13-Jan,6,6,0.11397,0.68382,Four,DEM,Ung,42,0.002924779,0.001312219,0,0.003249567,0.008394187,0,0,0,0,0,0,0,0.002109405,0,0,0,0,0.004223149,0,0,0.002919857,0,0,0.003839633,0.091903685,0.027215051,0,0,0,0,0,0,0,0.001490261,0,0.005720376,0.003277486,0,0,0,0,0,0,0,0.010037167,0,0.717481285,0,0,0,0,0,0,0
247,200,13-Jan,7,7,0.11397,0.79779,Four,DEM,Ung,28,0.000946276,0.000626029,0,0.001840135,0.002970976,0.000283195,0,0.000397191,0.036821491,0,0,0,0,0,0,0,0,0.00785483,0.001690668,0.003790261,0.001555655,0,0,0.003252946,0,0.030115758,0,0,0.000342997,0.003781805,0.000301788,0.002667932,0,0.008443308,0,0,0.001346945,0,0,0,0,0.00141781,0,0.002129718,0,0.004259412,0.376974547,0,0,0,0,0,0,0
248,217,14-Jan,7,6,0.11397,0.68382,Four,DEM,Ung,40,0.001000173,0.001432311,7.05E-05,0.005709084,0,0,0,0,0.009189035,0,0,0,0,0,0,0,0,0.008039172,0,0.000715998,0.008347047,0,0,0.003473697,0,0.055245339,0,0,0,0,0,0,0,0.004959515,0,0.002959238,0.002070999,0,0,0.000845183,0,0.000241462,0,0,0.009576121,0,0.898377588,0,0.00110503,0,0,0,0,0
249,231,15-Jan,3,6,0.11397,0.68382,Four,DEM,Ung,39,0,0.001791654,0,0.002082539,0,0,0,0,0,0,0,0,0,0,0,0,0.00022259,0.002762713,0,0.000176667,0.002070823,0,0,0.00453013,0,0.027793953,0,0,0,0,0,0,0,0,0,0.000863799,0,0,0,0,0,0,0,0,0.014549033,0,0.43479671,0,0,0.00065998,0,0,0,0
250,235,15-Jan,7,7,0.11397,0.79779,Four,DEM,Ung,41,0,0.001667669,0.000196188,0.003571967,0,0,0,0,0.00929016,0,0,0,0,0,0,0,0.000902047,0.008219469,0,0.000776664,0.003916397,0,0,0.006955872,0,0.041397949,0,0.169926467,0.001718056,0.004522141,0,0,0,0.007700044,0,0,0,0,0,0.00056376,0,0,0,0,0,0.008568855,0.662382607,0,0.006654912,0.000696948,0,0,0,0
251,238,15-Jan,10,7,0.11397,0.79779,Four,DEM,Ung,33,0,0.001684745,0,0.001173775,0,0,0,0.000247717,0,0,0,0,0,0,0,0,0,0.002297399,0,0,0.001377576,0,0,0.020608933,0.385555481,0.017692891,0,0,0.001410531,0,0,0.006880847,0,0,0.009762719,0.008081193,0.005418705,0,0,0,0,0,0,0,0.006676973,0.004314519,0.344772855,0,0.000386858,0.003568435,0,0,0,0
252,254,20-Jan,9,7,0.11397,0.79779,Four,DEM,Ung,32,0,0.005206832,0,0.009779854,0.006196774,0.000946985,0,0.000724787,0,0,0.000197161,0,0,0,0,0,0,0.011365033,0,0,0.016487755,0,0,0.003602767,0,0.090625984,0.000439721,0,0.003162549,0,0,0.00585649,0,0.002775999,0,0.047417271,0.016928768,0.015554968,0.000325373,0,0,0.000139763,0,0,0,0.009345853,2.17018544,0,0,0.00113705,0.005121762,0,0,0
253,273,22-Jan,12,8,0.11397,0.91176,Four,DEM,Ung,37,0,0.001930805,0,0.003261205,0,0,0,0.000337465,0,0,0,0,0,0,0,0,0.000267285,0.005178085,0,0,0.004085872,0,0,0.002700384,0,0.042460291,0,0,0,0,0,0.001289352,0,0,0,0.002327153,0,0.003820059,0.000573169,0.00145799,0,0,0,0,0,0.009640341,0.97844421,0,0,4.40E-05,0.00155435,0,0,0
254,276,22-Jan,15,6,0.11397,0.68382,Four,DEM,Ung,38,0,0.002603783,0,0.004331469,0,0,0,0,0,0,0,0,0,0,0,0,0.000845819,0.008604259,0,0,0.00758566,0,0,0.004080438,0.22342261,0.07540762,0,0,0,0,0,0.000702536,0,0,0,0.00567882,0,0.020163871,0,0,0,0.000601768,0,0,0,0,2.000053438,0.001969617,0.001091685,0.000214869,0,0,0,0
255,295,29-Jan,2,8,0.11397,0.91176,Four,DEM,Ung,34,0.006107347,0.000904745,0,0.00527412,0,0.00357023,0,0.001268577,0,0,0,0,0,0,0,0,0.001181913,0.007182418,0,0,0.011229095,0,0,0.002427026,0,0.063527149,0,0,0.004091381,0,0,0.002717892,0,0,0,0.002783069,0,0.008097202,0,0,0,0,0,0,0.010774319,0.017140815,1.563993583,0,0,0.001074879,0.003205962,0.001007746,0,0
256,5,13-Nov,8,7,0.08531,0.59717,Four,MCK,Ung,8,0,0,0,0,0,0,0,0,0.000668418,0,0,0,0,0,0,0,0,0,0,0.000147901,0,0,0,0,0,0.007530513,0,0,0,0.001135709,0,0,0,0,0,0,0,0,0,0,0,0,0,0,0,0,0.21457798,0,0,0,0,0,0,0
257,11,13-Nov,15,7,0.08531,0.59717,Four,MCK,Ung,4,0,0,0,0,0,0,0,0,0.00735055,0,0,0,0,0,0,0,0,0,0,0.000860701,0.000303207,0,0,0,0,0.022939196,0,0,0,0,0.00064758,0,0,0,0,0,0,0,0,0,0,0,0,0,0,0.006778833,0.355020399,0,0,0.002391326,0,0,0,0
258,33,15-Nov,2,9,0.08531,0.76779,Four,MCK,Ung,10,0,0.001419217,0,0,0,0,0,0,0,0,0,0,0,0,0,0,0,0.001495133,0,0.000190356,0.00044277,0,0,0,0,0.009869206,0,0,0,0,0,0.000576713,0,0,0,0.001904547,0,0,0,0,0,0,0,0,0,0,0.229472417,0,0,0,0,0,0,0
259,60,17-Nov,12,8,0.08531,0.68248,Four,MCK,Ung,9,0,0,0,0,0,0,0,0,0.002649973,0.004235825,0,0,0,0,0,0,0,0.003885401,0.000229244,0.00015258,0,0,0,0,0,0,0,0,0,0.000433584,0,0,0,0.007027655,0,0,0,0,0,0,0,0.000289934,0,0,0,0,0.000120888,0,0,0,0,0,0,0
260,62,17-Nov,15,7,0.08531,0.59717,Four,MCK,Ung,13,0,0,0,0,0,0.002000387,0,0,0,0,0,0,0,0,0,0,0.000260229,0.003680204,0,0,5.69E-05,0,0,0,0,0.015749125,0,0,0.000421676,0,0.000439572,0,0,0.003248873,0,0,0,0.001136281,0,0,0,0,0,0,0,0.005022842,0.256206683,0,0,0,0,0,0,0
261,91,20-Nov,3,6,0.08531,0.51186,Four,MCK,Ung,7,0,0.000786225,0,0,0,0,0,0,0,0,0,0,0.000117929,0,0,0,0,0,0,0,0,0,0,0,0,0.021206236,0,0,0,0,0.001944174,0.001593162,0,0,0,0.004966872,0,0,0.001761741,0,0,0,0,0,0,0.002806744,0.582696832,0,0,0,0,0,0,0
262,97,20-Nov,9,6,0.08531,0.51186,Four,MCK,Ung,11,0,0,0,0,0,0,0,0,0,0,0,0,0.000869622,0,0,0,0,0,0,0.000613151,0,0,0,0,0,0,0,0,0,0,0,0,0,0,0,0,0,0,0,0,0,0,0,0,0,0,0,0,0,0,0,0,0,0
263,167,15-Dec,2,7,0.08531,0.59717,Four,MCK,Ung,23,0,0.002875364,0,0,0,0,0,0,0,0,0.002349363,0,0.000616999,0,0,0,0,0.002461068,0,0,0,0,0,0,0,0.017230698,0,0,0,0,0,0,0,0,0,0.003699677,0,0.006326975,0,0,0,0,0,0,0,0,0.283640808,0,0,0,0,0,0,0
264,173,19-Dec,5,7,0.08531,0.59717,Four,MCK,Ung,25,0.007582008,0.002564955,0,0.007113088,0,0,0,0,0,0,0,0,0,0,0,0,0,0.012411981,0,0,0.007225474,0,0,0,0,0.090731368,0,0,0,0,0,0,0,0,0,0,0.01037134,0.016271161,0,0,0,0.000357786,0,0,0,0,2.333304384,0,0.000526924,0,0,0.000942343,0,0
265,202,13-Jan,9,6,0.08531,0.51186,Four,MCK,Ung,27,0.002150147,0.00147857,0,0,0.021909324,0,0,0,0,0,0,0,0.001507407,0,0,0,0,0,0.000381913,0,0,0,0,0,0,0,0,0,0,0,0,0,0,0.000773066,0,0,0,0,0,0,0,0,0,0,0,0,0.001128509,0,0,0,0,0,0,0
266,213,14-Jan,3,6,0.08531,0.51186,Four,MCK,Ung,35,0.002334262,0.000135656,0,0.000893152,0,0,0,0,0,0,0,0,0.000231201,0,0,0,0,0.00207214,0,0,0.000862113,0,0,0,0,0.022391925,0,0,0,0,0,0,0,0,0,0.009162584,0,0.002140412,0,0,0,0,0,0,0,0,0.301740476,0,0,0,0,0,0,0
267,223,14-Jan,13,9,0.08531,0.76779,Four,MCK,Ung,34,0.006284146,0.000310843,0,0,0,0,0,0,0,0,0,0,0.00098921,0,0,0,0,0.000657227,0,0,0.00050066,0,0,0,0,0.012111043,0,0,0,0,0,0.000557194,0,0,0.000708301,0,0,0,0,0,0,0,0,0,0,0.001305549,0.119700864,0,0,0,0,0,0,0
268,257,20-Jan,12,8,0.08531,0.68248,Four,MCK,Ung,33,0,0.00099407,0,0.008982153,0.004087179,0,0,0,0,0,0,0,0,0,0,0,0,0.006733441,0,0,0.005735481,0,0,0,0,0.069744607,0,0.117387191,0,0,0,0.00135433,0.007463721,0,0,0,0.007392939,0.007064009,0,5.23E-05,0,0,0,0,0,0.006977633,1.321009188,0,0.003110841,0.000594937,0,0,0,0
269,269,22-Jan,8,6,0.08531,0.51186,Four,MCK,Ung,36,0,0,0,0.000149241,0,0.002296029,0,0.000657344,0,0,0,0,0,0,0,0,0.001470814,0,0,0,0.002392371,0,0,0,0,0.03336479,0,0,0.004006627,0,0.000895624,0.002196622,0,0,0,0.003624662,0,0.00614946,0.000737098,0,0,0.00123185,0,0,0,0.012149157,0.684591306,0,0,0.001352981,0,0,0,0
270,296,29-Jan,3,6,0.08531,0.51186,Four,MCK,Ung,46,0.005813962,0,0,0,0,0.00053424,0,0.001186211,0,0,0,0,0,0,0,0,0.001065559,0,0,0,0,0,0,0,0,0.006318071,0,0,0.002202199,0,0,0.004574571,0,0,0,0,0.010105792,0,0,0,0,0,0,0,0,0.010339493,0.054541858,0,0.007214312,0.000430498,0,0,0,0